expected_crop	source_type	file	resultType	gate	bestCrop	bestClass	is_real_field_photo	trigger_G5	trigger_G5b	trigger_G7a	trigger_uncertain	trigger_uncertain_gap	trigger_uncertain_second_crop	trigger_uncertain_entropy	trigger_uncertain_class_ratio	bestClassProb	bestCropTotal	secondCropTotal	otherLeaf	entropy	top1	top1_p	top2	top2_p	top3	top3_p
unknown	raw_photo-like	datasets\holdout_farmer_style\banana_healthy\bana_aug_0_aug.jpg	other_leaf	G5b_other_leaf_floor	banana		True	False	True	False	False	False	False	False	False	0.0	0.8058201664435919	0.00027907708959486064	0.19388679948762919	0.7502983349532389	banana_healthy	0.8019345041755584	other_leaf	0.19388679948762919	banana_pestalotiopsis	0.0036443382097207763
unknown	raw_photo-like	datasets\holdout_farmer_style\banana_healthy\bana_aug_107_aug.jpg	other_leaf	G5b_other_leaf_floor	banana		True	False	True	False	False	False	False	False	False	0.0	0.6695015555517022	0.04745867313815438	0.2830147181330041	1.7445936329400826	banana_healthy	0.5198221625139248	other_leaf	0.2830147181330041	banana_pestalotiopsis	0.1255238082694166
unknown	raw_photo-like	datasets\holdout_farmer_style\banana_healthy\bana_aug_108_aug.jpg	other_leaf	G5b_other_leaf_floor	banana		True	False	True	False	False	False	False	False	False	0.0	0.5889331857818391	0.21394212832430598	0.19641619779887917	2.2551607830512106	banana_healthy	0.392713914844039	other_leaf	0.19641619779887917	maize_healthy	0.1943005691420997
unknown	raw_photo-like	datasets\holdout_farmer_style\banana_healthy\bana_aug_118_aug.jpg	other_leaf	G5b_other_leaf_floor	banana		True	False	True	False	False	False	False	False	False	0.0	0.8175401880813129	0.0007447786048593356	0.18140482709724934	1.1218979219808003	banana_healthy	0.7279494689521608	other_leaf	0.18140482709724934	banana_pestalotiopsis	0.08712453773990664
unknown	raw_photo-like	datasets\holdout_farmer_style\banana_healthy\bana_aug_11_aug.jpg	uncertain	G7c_entropy	banana	banana_healthy	True	False	False	False	True	False	False	True	False	0.36148522907505154	0.7757667839602944	0.06155395493289602	0.14621278035379945	2.4432683949198957	banana_healthy	0.36148522907505154	banana_pestalotiopsis	0.24704105815364732	other_leaf	0.14621278035379945
unknown	raw_photo-like	datasets\holdout_farmer_style\banana_healthy\bana_aug_120_aug.jpg	healthy	G5b_preserve_focus_crop	beans	beans_healthy	True	False	True	False	False	False	False	False	False	0.006242906915061845	0.006242906915061845	0.007599604761057389	0.29598756395711756	1.4907491782500293	banana_healthy	0.5948343674899506	other_leaf	0.29598756395711756	banana_pestalotiopsis	0.07571702309682296
unknown	raw_photo-like	datasets\holdout_farmer_style\banana_healthy\bana_aug_130_aug.jpg	uncertain	G7c_entropy	banana	banana_healthy	True	False	False	False	True	False	False	True	False	0.5781567138094599	0.8552771409360224	0.02709273156274787	0.11660893373074528	1.6333480132687284	banana_healthy	0.5781567138094599	banana_pestalotiopsis	0.2517968866829971	other_leaf	0.11660893373074528
unknown	raw_photo-like	datasets\holdout_farmer_style\banana_healthy\bana_aug_141_aug.jpg	other_leaf	G5b_other_leaf_floor	banana		True	False	True	False	False	False	False	False	False	0.0	0.7220211937335005	0.004926508137764144	0.27302001921705366	1.076785014343399	banana_healthy	0.6949783635916229	other_leaf	0.27302001921705366	banana_pestalotiopsis	0.021685523015733704
unknown	raw_photo-like	datasets\holdout_farmer_style\banana_healthy\bana_aug_144_aug.jpg	uncertain	G7e_healthy_safety	banana	banana_healthy	True	False	False	False	True	False	False	False	False	0.7929829691264108	0.893404568742204	0.013448857988949806	0.09313035213436625	1.0480260855464836	banana_healthy	0.7929829691264108	other_leaf	0.09313035213436625	banana_pestalotiopsis	0.09150239394345931
unknown	raw_photo-like	datasets\holdout_farmer_style\banana_healthy\bana_aug_155_aug.jpg	uncertain	G7c_entropy	banana	banana_healthy	True	False	False	False	True	False	False	True	False	0.5881506710377452	0.8007805414982081	0.0511153416305513	0.14657538175402315	1.801420478191408	banana_healthy	0.5881506710377452	banana_pestalotiopsis	0.16810859555205798	other_leaf	0.14657538175402315
unknown	raw_photo-like	datasets\holdout_farmer_style\banana_healthy\bana_aug_167_aug.jpg	healthy	G7g_confident	banana	banana_healthy	True	False	False	False	False	False	False	False	False	0.9293902433404272	0.9335124245013688	0.0001750244255447059	0.06626418399483373	0.39414873336524586	banana_healthy	0.9293902433404272	other_leaf	0.06626418399483373	banana_pestalotiopsis	0.004002730400950501
unknown	raw_photo-like	datasets\holdout_farmer_style\banana_healthy\bana_aug_170_aug.jpg	healthy	G5b_preserve_focus_crop	beans	beans_healthy	True	False	True	False	False	False	False	False	False	0.0019512165151211488	0.0019512165151211488	0.0019512165151211488	0.2805721097747211	1.198904319098264	banana_healthy	0.656989679108847	other_leaf	0.2805721097747211	banana_pestalotiopsis	0.05768683385317496
unknown	raw_photo-like	datasets\holdout_farmer_style\banana_healthy\bana_aug_173_aug.jpg	uncertain	G7c_entropy	banana	banana_pestalotiopsis	True	False	False	False	True	False	False	True	False	0.4207005634952758	0.8669033991038453	0.00867949149341047	0.12311970632238843	1.858290878230812	banana_pestalotiopsis	0.4207005634952758	banana_healthy	0.3730802323095342	other_leaf	0.12311970632238843
unknown	raw_photo-like	datasets\holdout_farmer_style\banana_healthy\bana_aug_176_aug.jpg	uncertain	G7c_entropy	banana	banana_healthy	True	False	False	False	True	False	False	True	False	0.5158233042492302	0.855515529506069	0.007046023293592681	0.13704118804924195	1.6103158317739004	banana_healthy	0.5158233042492302	banana_pestalotiopsis	0.31812132796336545	other_leaf	0.13704118804924195
unknown	raw_photo-like	datasets\holdout_farmer_style\banana_healthy\bana_aug_180_aug.jpg	other_leaf	G5b_other_leaf_floor	banana		True	False	True	False	False	False	False	False	False	0.0	0.7837242409251945	0.0021921994362197844	0.21406275337919853	1.0029228369220704	banana_healthy	0.7460879808607431	other_leaf	0.21406275337919853	banana_pestalotiopsis	0.03527648383605642
unknown	raw_photo-like	datasets\holdout_farmer_style\banana_healthy\bana_aug_190_aug.jpg	other_leaf	G5b_other_leaf_floor	banana		True	False	True	False	False	False	False	False	False	0.0	0.7229290877782459	0.0025367283538979503	0.27441459554102904	0.9202496596501105	banana_healthy	0.718062293242725	other_leaf	0.27441459554102904	banana_pestalotiopsis	0.003917472753522406
unknown	raw_photo-like	datasets\holdout_farmer_style\banana_healthy\bana_aug_196_aug.jpg	other_leaf	G5b_other_leaf_floor	banana		True	False	True	False	False	False	False	False	False	0.0	0.5962959480498361	0.04675265379091583	0.3562193746670747	1.4517879332051942	banana_healthy	0.5520656563216197	other_leaf	0.3562193746670747	maize_healthy	0.04451702574666918
unknown	raw_photo-like	datasets\holdout_farmer_style\banana_healthy\bana_aug_207_aug.jpg	other_leaf	G5b_other_leaf_floor	banana		True	False	True	False	False	False	False	False	False	0.0	0.7810217240268389	0.0005907942777031807	0.21812053097172213	0.99715307796668	banana_healthy	0.7455860591733048	other_leaf	0.21812053097172213	banana_pestalotiopsis	0.030801942065227482
unknown	raw_photo-like	datasets\holdout_farmer_style\banana_healthy\bana_aug_20_aug.jpg	other_leaf	G5b_other_leaf_floor	banana		True	False	True	False	False	False	False	False	False	0.0	0.8004978658952524	0.0030909776105879634	0.19639303339690461	0.9148498140427979	banana_healthy	0.7758869069278489	other_leaf	0.19639303339690461	banana_pestalotiopsis	0.022342136639504642
unknown	raw_photo-like	datasets\holdout_farmer_style\banana_healthy\bana_aug_218_aug.jpg	healthy	G7g_confident	banana	banana_healthy	True	False	False	False	False	False	False	False	False	0.8572002531837465	0.8724976469220503	0.004537037599901771	0.12169736029991576	0.723306118512523	banana_healthy	0.8572002531837465	other_leaf	0.12169736029991576	banana_pestalotiopsis	0.009640287671071283
unknown	raw_photo-like	datasets\holdout_farmer_style\banana_healthy\bana_aug_225_aug.jpg	uncertain	G7e_healthy_safety	banana	banana_healthy	True	False	False	False	True	False	False	False	False	0.7033696670901085	0.8704875156821241	0.00292605783212995	0.1254717082187678	1.2499424809871322	banana_healthy	0.7033696670901085	banana_pestalotiopsis	0.16002230685016505	other_leaf	0.1254717082187678
unknown	raw_photo-like	datasets\holdout_farmer_style\banana_healthy\bana_aug_227_aug.jpg	other_leaf	G5b_other_leaf_floor	banana		True	False	True	False	False	False	False	False	False	0.0	0.490311815115224	0.17187942128828043	0.3376948023537483	1.6703742846132528	banana_healthy	0.4607591798932403	other_leaf	0.3376948023537483	maize_healthy	0.1692605844775474
unknown	raw_photo-like	datasets\holdout_farmer_style\banana_healthy\bana_aug_231_aug.jpg	healthy	G5b_preserve_focus_crop	beans	beans_healthy	True	False	True	False	False	False	False	False	False	0.005936069133716334	0.005936069133716334	0.005936069133716334	0.15321874050604592	1.1534477885575731	banana_healthy	0.7518590592781237	other_leaf	0.15321874050604592	banana_pestalotiopsis	0.07756637551545079
unknown	raw_photo-like	datasets\holdout_farmer_style\banana_healthy\bana_aug_234_aug.jpg	healthy	G5b_preserve_focus_crop	beans	beans_healthy	True	False	True	False	False	False	False	False	False	0.003904378977311188	0.003904378977311188	0.004338707345894272	0.1724944458351424	1.3380281377410124	banana_healthy	0.6780528872316975	other_leaf	0.1724944458351424	banana_pestalotiopsis	0.13365700258760663
unknown	raw_photo-like	datasets\holdout_farmer_style\banana_healthy\bana_aug_245_aug.jpg	healthy	G5b_preserve_focus_crop	beans	beans_healthy	True	False	True	False	False	False	False	False	False	0.004107643302895621	0.004107643302895621	0.02555143609556741	0.18878741921193487	1.8241113818835553	banana_healthy	0.5686835514462816	other_leaf	0.18878741921193487	banana_pestalotiopsis	0.1369170448545161
unknown	raw_photo-like	datasets\holdout_farmer_style\banana_healthy\bana_aug_246_aug.jpg	healthy	G5b_preserve_focus_crop	beans	beans_healthy	True	False	True	False	False	False	False	False	False	0.0014249808400810448	0.0014249808400810448	0.01296751885008525	0.20773768281329588	1.5512266354523947	banana_healthy	0.5849898890211653	other_leaf	0.20773768281329588	banana_pestalotiopsis	0.18174306285596206
unknown	raw_photo-like	datasets\holdout_farmer_style\banana_healthy\bana_aug_256_aug.jpg	disease	G5b_preserve_focus_crop	beans	beans_rust	True	False	True	False	False	False	False	False	False	0.002255283660506334	0.002255283660506334	0.04745897559177111	0.23545087407982984	1.6306740623413492	banana_healthy	0.6052908650651052	other_leaf	0.23545087407982984	banana_pestalotiopsis	0.09227292283479821
unknown	raw_photo-like	datasets\holdout_farmer_style\banana_healthy\bana_aug_259_aug.jpg	healthy	G5b_preserve_focus_crop	beans	beans_healthy	True	False	True	False	False	False	False	False	False	0.032205687857979	0.032205687857979	0.03638260351012094	0.20392390781108496	1.8785963746403114	banana_healthy	0.5469407126969119	other_leaf	0.20392390781108496	banana_pestalotiopsis	0.1580301694295768
unknown	raw_photo-like	datasets\holdout_farmer_style\banana_healthy\bana_aug_267_aug.jpg	other_leaf	G5b_other_leaf_floor	banana		True	False	True	False	False	False	False	False	False	0.0	0.8123461682496511	0.0019281601279036709	0.1857119542720239	0.8674590069818344	banana_healthy	0.788960960798091	other_leaf	0.1857119542720239	banana_pestalotiopsis	0.023123770933130186
unknown	raw_photo-like	datasets\holdout_farmer_style\banana_healthy\bana_aug_271_aug.jpg	other_leaf	G5b_other_leaf_floor	banana		True	False	True	False	False	False	False	False	False	0.0	0.7868242458304151	0.0023512433776307815	0.21067993640284713	1.5065290201371284	banana_healthy	0.5927121638096612	other_leaf	0.21067993640284713	banana_pestalotiopsis	0.17488292521547907
unknown	raw_photo-like	datasets\holdout_farmer_style\banana_healthy\bana_aug_273_aug.jpg	other_leaf	G5b_other_leaf_floor	banana		True	False	True	False	False	False	False	False	False	0.0	0.8195803972273316	0.0027712813405660385	0.1775952106881302	1.1188038370502007	banana_healthy	0.7469816209929974	other_leaf	0.1775952106881302	banana_pestalotiopsis	0.05622433431802235
unknown	raw_photo-like	datasets\holdout_farmer_style\banana_healthy\bana_aug_300_aug.jpg	other_leaf	G5b_other_leaf_floor	banana		True	False	True	False	False	False	False	False	False	0.0	0.7716086002814186	0.0012434697869993206	0.22713432150551874	0.8169348424810783	banana_healthy	0.768618987647925	other_leaf	0.22713432150551874	banana_pestalotiopsis	0.0024719601427269896
unknown	raw_photo-like	datasets\holdout_farmer_style\banana_healthy\bana_aug_304_aug.jpg	healthy	G7g_confident	banana	banana_healthy	True	False	False	False	False	False	False	False	False	0.8133430832851449	0.877873315053147	0.0017927520919130524	0.12031830913568645	0.9108393589009487	banana_healthy	0.8133430832851449	other_leaf	0.12031830913568645	banana_pestalotiopsis	0.05893609389102871
unknown	raw_photo-like	datasets\holdout_farmer_style\banana_healthy\bana_aug_306_aug.jpg	healthy	G7g_confident	banana	banana_healthy	True	False	False	False	False	False	False	False	False	0.8102189206446683	0.8485664691142917	0.0027753860722808856	0.14864424668363044	0.8943830737179442	banana_healthy	0.8102189206446683	other_leaf	0.14864424668363044	banana_pestalotiopsis	0.027339344801631898
unknown	raw_photo-like	datasets\holdout_farmer_style\banana_healthy\bana_aug_308_aug.jpg	healthy	G7g_confident	banana	banana_healthy	True	False	False	False	False	False	False	False	False	0.8342973062526486	0.8762026433165392	0.002020108452078315	0.12176304853469994	0.8170237495455634	banana_healthy	0.8342973062526486	other_leaf	0.12176304853469994	banana_pestalotiopsis	0.0382593950355005
unknown	raw_photo-like	datasets\holdout_farmer_style\banana_healthy\bana_aug_317_aug.jpg	healthy	G5b_preserve_focus_crop	beans	beans_healthy	True	False	True	False	False	False	False	False	False	0.006013399461724116	0.006013399461724116	0.021569837105379377	0.2631345936775366	1.6795536747264108	banana_healthy	0.5583856160843905	other_leaf	0.2631345936775366	banana_pestalotiopsis	0.13377370131632513
unknown	raw_photo-like	datasets\holdout_farmer_style\banana_healthy\bana_aug_321_aug.jpg	healthy	G5b_preserve_focus_crop	beans	beans_healthy	True	False	True	False	False	False	False	False	False	0.002890558721375393	0.002890558721375393	0.03337485162245277	0.16557109351958443	1.6781606791095993	banana_healthy	0.5403701260204631	banana_pestalotiopsis	0.24834507429892824	other_leaf	0.16557109351958443
unknown	raw_photo-like	datasets\holdout_farmer_style\banana_healthy\bana_aug_323_aug.jpg	healthy	G5b_preserve_focus_crop	beans	beans_healthy	True	False	True	False	False	False	False	False	False	0.001846282070837659	0.001846282070837659	0.07828187172374634	0.18433958788721522	2.163345190721479	banana_healthy	0.41334871974551646	banana_pestalotiopsis	0.25505211331947114	other_leaf	0.18433958788721522
unknown	raw_photo-like	datasets\holdout_farmer_style\banana_healthy\bana_aug_342_aug.jpg	other_leaf	G5b_other_leaf_floor	banana		True	False	True	False	False	False	False	False	False	0.0	0.7292442137947265	0.038822967969939504	0.23164962711322604	1.7474731977849345	banana_healthy	0.5329549765864989	other_leaf	0.23164962711322604	banana_pestalotiopsis	0.173496994922781
unknown	raw_photo-like	datasets\holdout_farmer_style\banana_healthy\bana_aug_346_aug.jpg	other_leaf	G5b_other_leaf_floor	banana		True	False	True	False	False	False	False	False	False	0.0	0.8200381435091822	0.00616117248055258	0.1737426316071605	1.0069767182942926	banana_healthy	0.7780437669982717	other_leaf	0.1737426316071605	banana_pestalotiopsis	0.0238142732576643
unknown	raw_photo-like	datasets\holdout_farmer_style\banana_healthy\bana_aug_347_aug.jpg	other_leaf	G5b_other_leaf_floor	banana		True	False	True	False	False	False	False	False	False	0.0	0.7998643258865823	0.003420710394630871	0.19662085083506592	0.9955907127395818	banana_healthy	0.7648966511891462	other_leaf	0.19662085083506592	banana_sigatoka	0.01773186403344632
unknown	raw_photo-like	datasets\holdout_farmer_style\banana_healthy\bana_aug_350_aug.jpg	other_leaf	G5b_other_leaf_floor	banana		True	False	True	False	False	False	False	False	False	0.0	0.8129718822089078	0.0028687472424804477	0.18414016142543135	0.9973079362114925	banana_healthy	0.7647455890666581	other_leaf	0.18414016142543135	banana_pestalotiopsis	0.045619228845422494
unknown	raw_photo-like	datasets\holdout_farmer_style\banana_healthy\bana_aug_351_aug.jpg	other_leaf	G5b_other_leaf_floor	banana		True	False	True	False	False	False	False	False	False	0.0	0.8247617762980723	0.002181957570313086	0.17304236676079154	0.8359883338438544	banana_healthy	0.8042929195758607	other_leaf	0.17304236676079154	banana_pestalotiopsis	0.018165514871315343
unknown	raw_photo-like	datasets\holdout_farmer_style\banana_healthy\bana_aug_359_aug.jpg	healthy	G7g_confident	banana	banana_healthy	True	False	False	False	False	False	False	False	False	0.9200250939044947	0.9272009940453603	3.479362802754667e-05	0.07274845625468351	0.4412099144374915	banana_healthy	0.9200250939044947	other_leaf	0.07274845625468351	banana_pestalotiopsis	0.006452351186029182
unknown	raw_photo-like	datasets\holdout_farmer_style\banana_healthy\bana_aug_366_aug.jpg	healthy	G7g_confident	banana	banana_healthy	True	False	False	False	False	False	False	False	False	0.8744512387212147	0.8905877029211732	0.000776015956461203	0.10820522251319978	0.6306600037132303	banana_healthy	0.8744512387212147	other_leaf	0.10820522251319978	banana_pestalotiopsis	0.015347019523666749
unknown	raw_photo-like	datasets\holdout_farmer_style\banana_healthy\bana_aug_376_aug.jpg	other_leaf	G5b_other_leaf_floor	banana		True	False	True	False	False	False	False	False	False	0.0	0.7016440875875938	0.004242823231602714	0.2934614912817633	1.1120913258211118	banana_healthy	0.6703108037513874	other_leaf	0.2934614912817633	banana_pestalotiopsis	0.030306158339533547
unknown	raw_photo-like	datasets\holdout_farmer_style\banana_healthy\bana_aug_383_aug.jpg	other_leaf	G5b_other_leaf_floor	banana		True	False	True	False	False	False	False	False	False	0.0	0.7829081472130488	0.010711843179177168	0.20636361189968577	1.0256718003691765	banana_healthy	0.7528665324570388	other_leaf	0.20636361189968577	banana_pestalotiopsis	0.023340948490997007
unknown	raw_photo-like	datasets\holdout_farmer_style\banana_healthy\bana_aug_388_aug.jpg	other_leaf	G5b_other_leaf_floor	banana		True	False	True	False	False	False	False	False	False	0.0	0.720061306509905	0.0010814603843515367	0.27870975473094256	0.9848767923310592	banana_healthy	0.7050614893119568	other_leaf	0.27870975473094256	banana_pestalotiopsis	0.012402959326844154
unknown	raw_photo-like	datasets\holdout_farmer_style\banana_healthy\bana_aug_390_aug.jpg	other_leaf	G5b_other_leaf_floor	banana		True	False	True	False	False	False	False	False	False	0.0	0.7816166745825748	0.003013312515681813	0.21432023429233574	1.116672618187885	banana_healthy	0.7322544121917172	other_leaf	0.21432023429233574	banana_pestalotiopsis	0.025585824406549232
unknown	raw_photo-like	datasets\holdout_farmer_style\banana_healthy\bana_aug_396_aug.jpg	uncertain	G7c_entropy	banana	banana_healthy	True	False	False	False	True	False	False	True	False	0.6038737210644941	0.7923126703798136	0.06584845140134943	0.1415560785173833	1.653492431389176	banana_healthy	0.6038737210644941	banana_pestalotiopsis	0.17467962482914398	other_leaf	0.1415560785173833
unknown	raw_photo-like	datasets\holdout_farmer_style\banana_healthy\bana_aug_46_aug.jpg	other_leaf	G5b_other_leaf_floor	banana		True	False	True	False	False	False	False	False	False	0.0	0.7834774666276719	0.007638746492720722	0.20887030310915344	0.9264517537961616	banana_healthy	0.7670606754411328	other_leaf	0.20887030310915344	banana_pestalotiopsis	0.01430180734488636
unknown	raw_photo-like	datasets\holdout_farmer_style\banana_healthy\bana_aug_49_aug.jpg	other_leaf	G5b_other_leaf_floor	banana		True	False	True	False	False	False	False	False	False	0.0	0.8094465015328227	0.001419531641441107	0.18912014663857865	0.8232311863843343	banana_healthy	0.7946833361978712	other_leaf	0.18912014663857865	banana_pestalotiopsis	0.01452230905129624
unknown	raw_photo-like	datasets\holdout_farmer_style\banana_healthy\bana_aug_52_aug.jpg	healthy	G5b_preserve_focus_crop	beans	beans_healthy	True	False	True	False	False	False	False	False	False	0.0013185795906094254	0.0013185795906094254	0.14840920614036698	0.19476013194039915	2.2469312978492044	banana_healthy	0.4689365953792766	other_leaf	0.19476013194039915	banana_pestalotiopsis	0.11317271060328808
unknown	raw_photo-like	datasets\holdout_farmer_style\banana_healthy\bana_aug_58_aug.jpg	other_leaf	G5b_other_leaf_floor	banana		True	False	True	False	False	False	False	False	False	0.0	0.6844290028579991	0.03354209145062753	0.2818941334103686	1.4393873410999736	banana_healthy	0.6164252057638445	other_leaf	0.2818941334103686	banana_pestalotiopsis	0.05340287565316225
unknown	raw_photo-like	datasets\holdout_farmer_style\banana_healthy\bana_aug_62_aug.jpg	healthy	G5b_preserve_focus_crop	beans	beans_healthy	True	False	True	False	False	False	False	False	False	0.02239133594543117	0.02239133594543117	0.06378471621001704	0.23361148503724763	1.9134344159705707	banana_healthy	0.5341159581122763	other_leaf	0.23361148503724763	banana_pestalotiopsis	0.12236928607847089
unknown	raw_photo-like	datasets\holdout_farmer_style\banana_healthy\bana_aug_77_aug.jpg	other_leaf	G5b_other_leaf_floor	banana		True	False	True	False	False	False	False	False	False	0.0	0.8324615592140113	0.0031363560364854612	0.1634309317769564	1.1133329566408892	banana_healthy	0.7463541758154116	other_leaf	0.1634309317769564	banana_pestalotiopsis	0.08112266718765886
unknown	raw_photo-like	datasets\holdout_farmer_style\banana_healthy\bana_aug_79_aug.jpg	healthy	G5b_preserve_focus_crop	beans	beans_healthy	True	False	True	False	False	False	False	False	False	0.0025129833376446005	0.0025129833376446005	0.018947880478673435	0.27497771495323503	1.3541404265338937	banana_healthy	0.6326275284371424	other_leaf	0.27497771495323503	banana_pestalotiopsis	0.06825579431153692
unknown	raw_photo-like	datasets\holdout_farmer_style\banana_healthy\bana_aug_86_aug.jpg	other_leaf	G5b_other_leaf_floor	banana		True	False	True	False	False	False	False	False	False	0.0	0.7959426020826125	0.009780292199715124	0.1932856314954738	1.4854321426727704	banana_healthy	0.6071157359449154	other_leaf	0.1932856314954738	banana_pestalotiopsis	0.18018068993080608
unknown	raw_photo-like	datasets\holdout_farmer_style\banana_healthy\bana_aug_89_aug.jpg	healthy	G5b_preserve_focus_crop	beans	beans_healthy	True	False	True	False	False	False	False	False	False	0.009283395888872123	0.009283395888872123	0.013492629854209853	0.15504904560317143	1.7158305098604487	banana_healthy	0.6252211781979394	other_leaf	0.15504904560317143	banana_pestalotiopsis	0.12735897237855942
unknown	raw_photo-like	datasets\holdout_farmer_style\banana_healthy\bana_aug_98_aug.jpg	healthy	G5b_preserve_focus_crop	beans	beans_healthy	True	False	True	False	False	False	False	False	False	0.0029234799091495374	0.0029234799091495374	0.13205685966225958	0.2400934062132357	1.9432699850480495	banana_healthy	0.5100171732968065	other_leaf	0.2400934062132357	maize_healthy	0.1183456716934329
unknown	raw_photo-like	datasets\holdout_farmer_style\banana_healthy\bana_aug_99_aug.jpg	other_leaf	G5b_other_leaf_floor	banana		True	False	True	False	False	False	False	False	False	0.0	0.6974936591538553	0.06091248324939127	0.2410377468282925	1.6424593766907398	banana_healthy	0.591421150190687	other_leaf	0.2410377468282925	banana_pestalotiopsis	0.08305649394069045
unknown	raw_photo-like	datasets\holdout_farmer_style\banana_healthy\bana_orig_119.jpg	other_leaf	G5b_other_leaf_floor	banana		True	False	True	False	False	False	False	False	False	0.0	0.7739025908088077	0.051769974734162255	0.17368130154975575	2.210490112803135	banana_healthy	0.4067939357797344	banana_sigatoka	0.2502524152988221	other_leaf	0.17368130154975575
unknown	raw_photo-like	datasets\holdout_farmer_style\banana_healthy\bana_orig_123.jpg	healthy	G7g_confident	banana	banana_healthy	True	False	False	False	False	False	False	False	False	0.849625863559841	0.8509345638966085	0.0006525849720088178	0.14810277654246556	0.6319931764062054	banana_healthy	0.849625863559841	other_leaf	0.14810277654246556	banana_pestalotiopsis	0.0011282282027777557
unknown	raw_photo-like	datasets\holdout_farmer_style\banana_healthy\bana_orig_2.jpg	other_leaf	G5b_other_leaf_floor	banana		True	False	True	False	False	False	False	False	False	0.0	0.8323579087848925	0.0023699094265167047	0.16525220021753062	0.9374589808145346	banana_healthy	0.7894092614525614	other_leaf	0.16525220021753062	banana_pestalotiopsis	0.03832296416060608
unknown	raw_photo-like	datasets\holdout_farmer_style\banana_healthy\bana_orig_28.jpg	other_leaf	G5b_other_leaf_floor	banana		True	False	True	False	False	False	False	False	False	0.0	0.6666029049706639	0.06946453560683517	0.2628855299599373	1.7128633217570317	banana_healthy	0.5630020577355129	other_leaf	0.2628855299599373	banana_pestalotiopsis	0.07532994369555715
unknown	raw_photo-like	datasets\holdout_farmer_style\banana_healthy\bana_orig_3.jpg	other_leaf	G5b_other_leaf_floor	banana		True	False	True	False	False	False	False	False	False	0.0	0.5351755239388508	0.26030144146277656	0.20394649728470196	2.316744119807515	banana_healthy	0.36684842302726783	maize_healthy	0.22919760093163516	other_leaf	0.20394649728470196
unknown	raw_photo-like	datasets\holdout_farmer_style\banana_healthy\bana_orig_41.jpg	uncertain	G7c_entropy	banana	banana_pestalotiopsis	True	False	False	False	True	False	False	True	False	0.43029584905430573	0.8567346156814944	0.006484192232760274	0.13601244329847906	1.7488630558349378	banana_pestalotiopsis	0.43029584905430573	banana_healthy	0.382506846167235	other_leaf	0.13601244329847906
unknown	raw_photo-like	datasets\holdout_farmer_style\banana_healthy\bana_orig_52.jpg	healthy	G5b_preserve_focus_crop	beans	beans_healthy	True	False	True	False	False	False	False	False	False	0.00154087285339296	0.00154087285339296	0.06071420970494446	0.2139812514598502	1.8081857596322028	banana_healthy	0.5125195267412062	other_leaf	0.2139812514598502	banana_pestalotiopsis	0.1982234072927067
unknown	raw_photo-like	datasets\holdout_farmer_style\banana_healthy\bana_orig_53.jpg	uncertain	G7e_healthy_safety	banana	banana_healthy	True	False	False	False	True	False	False	False	False	0.7993089443660484	0.8564284601247392	0.006952151440235657	0.1346417028902752	0.9764076990546717	banana_healthy	0.7993089443660484	other_leaf	0.1346417028902752	banana_pestalotiopsis	0.05348278189055468
unknown	raw_photo-like	datasets\holdout_farmer_style\banana_healthy\bana_orig_60.jpg	healthy	G7g_confident	banana	banana_healthy	True	False	False	False	False	False	False	False	False	0.8267849854923213	0.8710938747292254	0.0014544500019632932	0.12743619028125322	0.8472998654996375	banana_healthy	0.8267849854923213	other_leaf	0.12743619028125322	banana_pestalotiopsis	0.03866386348560767
unknown	raw_photo-like	datasets\holdout_farmer_style\banana_healthy\bana_orig_70.jpg	other_leaf	G5b_other_leaf_floor	banana		True	False	True	False	False	False	False	False	False	0.0	0.8225625728697946	0.02197086556422694	0.15484824465326227	1.5149806724892192	banana_healthy	0.6003850498333324	banana_pestalotiopsis	0.21646469145632982	other_leaf	0.15484824465326227
unknown	raw_photo-like	datasets\holdout_farmer_style\banana_healthy\bana_orig_86.jpg	other_leaf	G5b_other_leaf_floor	banana		True	False	True	False	False	False	False	False	False	0.0	0.7651783691603808	0.031460082617582624	0.20324691593349	1.2563032445152713	banana_healthy	0.7096627397119539	other_leaf	0.20324691593349	banana_pestalotiopsis	0.04413394606619323
unknown	raw_photo-like	datasets\holdout_farmer_style\banana_healthy\bana_orig_87.jpg	healthy	G5b_preserve_focus_crop	beans	beans_healthy	True	False	True	False	False	False	False	False	False	0.0017688772297892162	0.0017688772297892162	0.016821734145559823	0.24310445500797426	1.5628134007579324	banana_healthy	0.5842746839439642	other_leaf	0.24310445500797426	banana_pestalotiopsis	0.14112493917163355
banana	raw_photo-like	datasets\holdout_farmer_style\banana_healthy\banana_health_leaf_1.jpg	other_leaf	G5b_other_leaf_floor	banana		True	False	True	False	False	False	False	False	False	0.0	0.7567434464658562	0.02173272852271821	0.22144405197999353	1.2494314643688753	banana_healthy	0.7020930343057024	other_leaf	0.22144405197999353	banana_pestalotiopsis	0.034748792167368314
banana	raw_photo-like	datasets\holdout_farmer_style\banana_healthy\banana_health_leaf_112.jpg	healthy	G7g_confident	banana	banana_healthy	True	False	False	False	False	False	False	False	False	0.8575436729332375	0.8910811273073203	0.0004199512917595867	0.1084843954144681	0.7302688956116542	banana_healthy	0.8575436729332375	other_leaf	0.1084843954144681	banana_pestalotiopsis	0.028112090464418153
banana	raw_photo-like	datasets\holdout_farmer_style\banana_healthy\banana_health_leaf_118.jpg	other_leaf	G5b_other_leaf_floor	banana		True	False	True	False	False	False	False	False	False	0.0	0.8032665067685045	0.04604363637628963	0.15050602426609183	1.544454473951241	banana_healthy	0.6726898013662884	other_leaf	0.15050602426609183	banana_pestalotiopsis	0.09048856082980826
banana	raw_photo-like	datasets\holdout_farmer_style\banana_healthy\banana_health_leaf_122.jpg	uncertain	G7c_entropy	banana	banana_pestalotiopsis	True	False	False	False	True	False	False	True	False	0.5300242471175489	0.8608909816710393	0.0022850085252012135	0.13669118946339454	1.9044429290596299	banana_pestalotiopsis	0.5300242471175489	banana_sigatoka	0.18226781580393137	other_leaf	0.13669118946339454
banana	raw_photo-like	datasets\holdout_farmer_style\banana_healthy\banana_health_leaf_126.jpg	healthy	G5b_preserve_focus_crop	beans	beans_healthy	True	False	True	False	False	False	False	False	False	0.0016084563228409405	0.0016084563228409405	0.0739476893480397	0.29525509831810137	1.49456942891589	banana_healthy	0.5851497185124884	other_leaf	0.29525509831810137	maize_healthy	0.07289155137963158
banana	raw_photo-like	datasets\holdout_farmer_style\banana_healthy\banana_health_leaf_20260308_104152.jpg	healthy	G7g_confident	banana	banana_healthy	True	False	False	False	False	False	False	False	False	0.950304149597608	0.9508042464280481	0.0005715987731637157	0.04860504218435279	0.294729388411187	banana_healthy	0.950304149597608	other_leaf	0.04860504218435279	maize_healthy	0.0005636450585454298
banana	raw_photo-like	datasets\holdout_farmer_style\banana_healthy\banana_health_leaf_20260308_104530.jpg	other_leaf	G5_other_leaf_winner	banana		True	True	False	False	False	False	False	False	False	0.0	0.22054858389525867	0.000761154681596096	0.7786726844135882	0.7729216303170167	other_leaf	0.7786726844135882	banana_healthy	0.2203424468118157	maize_healthy	0.0007542904782591766
banana	raw_photo-like	datasets\holdout_farmer_style\banana_healthy\banana_health_leaf_20260308_104608.jpg	healthy	G5_preserve_focus_crop	beans	beans_healthy	True	True	False	False	False	False	False	False	False	0.0010527373320115664	0.0010527373320115664	0.006040961765947077	0.4373943149523429	1.1107963354920778	banana_healthy	0.5484820661606339	other_leaf	0.4373943149523429	maize_healthy	0.0060265415493714605
banana	raw_photo-like	datasets\holdout_farmer_style\banana_healthy\banana_health_leaf_20260308_104637.jpg	unsupported	G7a_crop_total	maize		True	False	False	True	False	False	False	False	False	0.0	0.4403436661369821	0.4179487283380013	0.141504111295903	1.5090639147257643	maize_healthy	0.44016005956798443	banana_healthy	0.41139420721574976	other_leaf	0.141504111295903
banana	raw_photo-like	datasets\holdout_farmer_style\banana_healthy\banana_health_leaf_20260308_111755.jpg	healthy	G5b_preserve_focus_crop	beans	beans_healthy	True	False	True	False	False	False	False	False	False	0.06593188324470567	0.06593188324470567	0.15193258607196208	0.15528600768269446	2.1125383188821365	banana_healthy	0.5269490548423367	other_leaf	0.15528600768269446	maize_healthy	0.15048369269555822
banana	raw_photo-like	datasets\holdout_farmer_style\banana_healthy\banana_health_leaf_20260308_112410.jpg	other_leaf	G5_other_leaf_winner	banana		True	True	False	False	False	False	False	False	False	0.0	0.2744723761210556	0.00022825686306817	0.7252849348881802	0.8636109059514898	other_leaf	0.7252849348881802	banana_healthy	0.2732944180946776	banana_pestalotiopsis	0.0006979801094786339
banana	raw_photo-like	datasets\holdout_farmer_style\banana_healthy\banana_health_leaf_25.jpg	healthy	G7g_confident	banana	banana_healthy	True	False	False	False	False	False	False	False	False	0.8253051605492819	0.8717199429068592	0.0033435771601884315	0.12483609413254926	0.8532071941045324	banana_healthy	0.8253051605492819	other_leaf	0.12483609413254926	banana_pestalotiopsis	0.04406455180083316
banana	raw_photo-like	datasets\holdout_farmer_style\banana_healthy\banana_health_leaf_28.jpg	other_leaf	G5b_other_leaf_floor	banana		True	False	True	False	False	False	False	False	False	0.0	0.6666029049706639	0.06946453560683517	0.2628855299599373	1.7128633217570317	banana_healthy	0.5630020577355129	other_leaf	0.2628855299599373	banana_pestalotiopsis	0.07532994369555715
banana	raw_photo-like	datasets\holdout_farmer_style\banana_healthy\banana_health_leaf_29.jpg	healthy	G7g_confident	banana	banana_healthy	True	False	False	False	False	False	False	False	False	0.8365066248962657	0.9234124890681041	0.0008568978631518061	0.07535287902331747	0.8291884647246465	banana_healthy	0.8365066248962657	banana_pestalotiopsis	0.08532616763961937	other_leaf	0.07535287902331747
banana	raw_photo-like	datasets\holdout_farmer_style\banana_healthy\banana_health_leaf_33.jpg	uncertain	G7c_entropy	banana	banana_healthy	True	False	False	False	True	False	False	True	False	0.6060718925903686	0.8160053418040981	0.057556756768170875	0.12581821698387746	1.6983833015920875	banana_healthy	0.6060718925903686	banana_pestalotiopsis	0.17774881777306895	other_leaf	0.12581821698387746
banana	raw_photo-like	datasets\holdout_farmer_style\banana_healthy\banana_health_leaf_49.jpg	healthy	G7g_confident	banana	banana_healthy	True	False	False	False	False	False	False	False	False	0.9332856808399124	0.9339503403983765	0.00016928656340794938	0.06582807199592168	0.3618928076512459	banana_healthy	0.9332856808399124	other_leaf	0.06582807199592168	banana_pestalotiopsis	0.0005494585462069116
banana	raw_photo-like	datasets\holdout_farmer_style\banana_healthy\banana_health_leaf_5.jpg	uncertain	G7c_entropy	beans	beans_angular_leaf_spot	True	False	False	False	True	False	False	True	False	0.3397327987989432	0.5653918705830787	0.13152788073329202	0.17507715538940258	2.885510947983577	beans_angular_leaf_spot	0.3397327987989432	other_leaf	0.17507715538940258	beans_rust	0.1597908519890003
banana	raw_photo-like	datasets\holdout_farmer_style\banana_healthy\banana_health_leaf_6.jpg	healthy	G5b_preserve_focus_crop	beans	beans_healthy	True	False	True	False	False	False	False	False	False	0.020380294364401315	0.020380294364401315	0.0486986062589257	0.1807155855871659	2.259932381669025	banana_healthy	0.4708854031736269	other_leaf	0.1807155855871659	banana_sigatoka	0.12324041105214963
banana	raw_photo-like	datasets\holdout_farmer_style\banana_healthy\banana_health_leaf_60.jpg	healthy	G7g_confident	banana	banana_healthy	True	False	False	False	False	False	False	False	False	0.8267849854923213	0.8710938747292254	0.0014544500019632932	0.12743619028125322	0.8472998654996375	banana_healthy	0.8267849854923213	other_leaf	0.12743619028125322	banana_pestalotiopsis	0.03866386348560767
banana	raw_photo-like	datasets\holdout_farmer_style\banana_healthy\banana_health_leaf_67.jpg	healthy	G7g_confident	banana	banana_healthy	True	False	False	False	False	False	False	False	False	0.8307007777612354	0.8498872175498321	0.0010420232913198784	0.14905653669180793	0.7609833634291857	banana_healthy	0.8307007777612354	other_leaf	0.14905653669180793	banana_pestalotiopsis	0.017331203384181298
banana	raw_photo-like	datasets\holdout_farmer_style\banana_healthy\banana_health_leaf_84.jpg	other_leaf	G5b_other_leaf_floor	banana		True	False	True	False	False	False	False	False	False	0.0	0.7511468413329396	0.0014096896349143477	0.24740078211279878	1.0762452127906363	banana_healthy	0.7117459102801449	other_leaf	0.24740078211279878	banana_pestalotiopsis	0.03161921697025361
banana	raw_photo-like	datasets\holdout_farmer_style\banana_healthy\banana_health_leaf_86.jpg	other_leaf	G5b_other_leaf_floor	banana		True	False	True	False	False	False	False	False	False	0.0	0.7651783691603808	0.031460082617582624	0.20324691593349	1.2563032445152713	banana_healthy	0.7096627397119539	other_leaf	0.20324691593349	banana_pestalotiopsis	0.04413394606619323
banana	raw_photo-like	datasets\holdout_farmer_style\banana_healthy\banana_health_leaf_96.jpg	healthy	G7g_confident	banana	banana_healthy	True	False	False	False	False	False	False	False	False	0.8876657208382106	0.8934007592494672	0.0008785914197365919	0.10569173307265703	0.5483411455468286	banana_healthy	0.8876657208382106	other_leaf	0.10569173307265703	banana_pestalotiopsis	0.0056199390401059125
banana	raw_photo-like	datasets\holdout_farmer_style\banana_healthy\banana_health_leaf_98.jpg	other_leaf	G5b_other_leaf_floor	banana		True	False	True	False	False	False	False	False	False	0.0	0.7049287205278588	0.004843641279589563	0.2897301836370188	1.0104727218392557	banana_healthy	0.6939001231239846	other_leaf	0.2897301836370188	banana_pestalotiopsis	0.0077983967789087135
banana	raw_photo-like	datasets\holdout_farmer_style\banana_healthy\banana_health_leaf_fresh10.jpg	other_leaf	G5b_other_leaf_floor	banana		True	False	True	False	False	False	False	False	False	0.0	0.8356504404416604	0.0022863348926541417	0.16204969756041754	0.9723805539698338	banana_healthy	0.7814179649786075	other_leaf	0.16204969756041754	banana_pestalotiopsis	0.050559610975364294
banana	raw_photo-like	datasets\holdout_farmer_style\banana_healthy\banana_health_leaf_fresh105.jpg	other_leaf	G5_other_leaf_winner	banana		True	True	False	False	False	False	False	False	False	0.0	0.07481377692753673	0.0006231591202030735	0.9244889601197376	0.3931256684106611	other_leaf	0.9244889601197376	banana_healthy	0.0747758710043246	beans_healthy	0.0005752518716300643
banana	raw_photo-like	datasets\holdout_farmer_style\banana_healthy\banana_health_leaf_fresh12.jpg	healthy	G7g_confident	banana	banana_healthy	True	False	False	False	False	False	False	False	False	0.873107195868319	0.8943439848803476	0.0018707192095675988	0.1037607309764381	0.6513493360832315	banana_healthy	0.873107195868319	other_leaf	0.1037607309764381	banana_pestalotiopsis	0.02035132370251576
banana	raw_photo-like	datasets\holdout_farmer_style\banana_healthy\banana_health_leaf_fresh17.jpg	healthy	G7g_confident	banana	banana_healthy	True	False	False	False	False	False	False	False	False	0.865492104335511	0.9060192867745513	0.005397134792335917	0.08854319472044779	0.7319711832588234	banana_healthy	0.865492104335511	other_leaf	0.08854319472044779	banana_pestalotiopsis	0.038599953018855035
banana	raw_photo-like	datasets\holdout_farmer_style\banana_healthy\banana_health_leaf_fresh19.jpg	healthy	G7g_confident	banana	banana_healthy	True	False	False	False	False	False	False	False	False	0.8256795979332116	0.8454082979021343	0.015403404888085333	0.13805675337777265	0.8590767570326512	banana_healthy	0.8256795979332116	other_leaf	0.13805675337777265	maize_healthy	0.015373782351849356
banana	raw_photo-like	datasets\holdout_farmer_style\banana_healthy\banana_health_leaf_fresh23.jpg	healthy	G7g_confident	banana	banana_healthy	True	False	False	False	False	False	False	False	False	0.9098969254755108	0.9133721079190956	0.005415768127316284	0.08057984201082864	0.49853669414406504	banana_healthy	0.9098969254755108	other_leaf	0.08057984201082864	maize_healthy	0.0054017991806389444
banana	raw_photo-like	datasets\holdout_farmer_style\banana_healthy\banana_health_leaf_fresh31.jpg	other_leaf	G5b_other_leaf_floor	banana		True	False	True	False	False	False	False	False	False	0.0	0.841179718090076	0.0003124578940422218	0.1584934200627794	0.6501192359416709	banana_healthy	0.8398023505756614	other_leaf	0.1584934200627794	banana_pestalotiopsis	0.0013248589314850275
banana	raw_photo-like	datasets\holdout_farmer_style\banana_healthy\banana_health_leaf_fresh35.jpg	unsupported	G7a_crop_total	banana		True	False	False	True	False	False	False	False	False	0.0	0.5098376803265915	0.3312017762041567	0.14997003865978448	1.7636409403546272	banana_healthy	0.4746371238335949	maize_healthy	0.32691065610811365	other_leaf	0.14997003865978448
banana	raw_photo-like	datasets\holdout_farmer_style\banana_healthy\banana_health_leaf_fresh36.jpg	other_leaf	G5b_other_leaf_floor	banana		True	False	True	False	False	False	False	False	False	0.0	0.7304494632168291	0.007251106700610726	0.26222910840401853	1.057488737000189	banana_healthy	0.7059041538561104	other_leaf	0.26222910840401853	banana_pestalotiopsis	0.022195667416791794
banana	raw_photo-like	datasets\holdout_farmer_style\banana_healthy\banana_health_leaf_fresh54.jpg	other_leaf	G5b_other_leaf_floor	banana		True	False	True	False	False	False	False	False	False	0.0	0.796189798335888	0.00010203639090465197	0.2036479873522349	0.7323198518651266	banana_healthy	0.7961500715165224	other_leaf	0.2036479873522349	beans_healthy	9.580397316380405e-05
banana	raw_photo-like	datasets\holdout_farmer_style\banana_healthy\banana_health_leaf_fresh57.jpg	healthy	G7g_confident	banana	banana_healthy	True	False	False	False	False	False	False	False	False	0.8659601803938268	0.875683511069727	0.0029360851267622202	0.12033588298583253	0.6630113847851778	banana_healthy	0.8659601803938268	other_leaf	0.12033588298583253	banana_pestalotiopsis	0.004609111315410599
banana	raw_photo-like	datasets\holdout_farmer_style\banana_healthy\banana_health_leaf_fresh62.jpg	healthy	G5b_preserve_focus_crop	beans	beans_healthy	True	False	True	False	False	False	False	False	False	0.006550888364039186	0.006550888364039186	0.006550888364039186	0.28585990482602924	0.9872645516138091	banana_healthy	0.7009268375375035	other_leaf	0.28585990482602924	beans_healthy	0.005896878680510101
banana	raw_photo-like	datasets\holdout_farmer_style\banana_healthy\banana_health_leaf_fresh64.jpg	healthy	G5b_preserve_focus_crop	beans	beans_healthy	True	False	True	False	False	False	False	False	False	0.09333211906763653	0.09333211906763653	0.09333211906763653	0.16101783824824376	2.2063650986396386	banana_healthy	0.5464191323739899	other_leaf	0.16101783824824376	maize_healthy	0.08867485731929865
banana	raw_photo-like	datasets\holdout_farmer_style\banana_healthy\banana_health_leaf_fresh8.jpg	healthy	G5b_preserve_focus_crop	beans	beans_healthy	True	False	True	False	False	False	False	False	False	0.0036479716222942438	0.0036479716222942438	0.0036479716222942438	0.1789422059700957	0.7716853188443403	banana_healthy	0.811803496481116	other_leaf	0.1789422059700957	beans_healthy	0.0032876138390726456
banana	raw_photo-like	datasets\holdout_farmer_style\banana_healthy\banana_health_leaf_fresh85.jpg	healthy	G7g_confident	banana	banana_healthy	True	False	False	False	False	False	False	False	False	0.8507776393640135	0.8508694490073004	0.0023860120207224193	0.14639587738828863	0.6317132541072944	banana_healthy	0.8507776393640135	other_leaf	0.14639587738828863	beans_healthy	0.0021447700761554602
banana	raw_photo-like	datasets\holdout_farmer_style\banana_healthy\banana_health_leaf_fresh88.jpg	healthy	G5b_preserve_focus_crop	beans	beans_healthy	True	False	True	False	False	False	False	False	False	0.03750433922814131	0.03750433922814131	0.03750433922814131	0.16362674757977663	1.8175150342082242	banana_healthy	0.5986927348229842	other_leaf	0.16362674757977663	banana_pestalotiopsis	0.1387110141842016
banana	raw_photo-like	datasets\holdout_farmer_style\banana_healthy\banana_health_leaf_fresh96.jpg	other_leaf	G5b_other_leaf_floor	banana		True	False	True	False	False	False	False	False	False	0.0	0.6622272771752414	9.262215575120358e-05	0.3376555757963158	0.9246788537434985	banana_healthy	0.6622103644077414	other_leaf	0.3376555757963158	beans_healthy	8.426226138816716e-05
beans	raw_photo-like	datasets\holdout_farmer_style\beans_healthy\bean_train_healthy_train.0.jpg	healthy	G7g_confident	beans	beans_healthy	True	False	False	False	False	False	False	False	False	0.8062112479422783	0.8440617433800203	0.01044421271460994	0.14547560513635904	0.9159549862042052	beans_healthy	0.8062112479422783	other_leaf	0.14547560513635904	beans_rust	0.03545822959786315
beans	raw_photo-like	datasets\holdout_farmer_style\beans_healthy\bean_train_healthy_train.102.jpg	healthy	G7g_confident	beans	beans_healthy	True	False	False	False	False	False	False	False	False	0.8313041392625607	0.8775379920912372	0.004437770440018674	0.11800537791357071	0.8427790149459737	beans_healthy	0.8313041392625607	other_leaf	0.11800537791357071	beans_rust	0.04293915618927168
beans	raw_photo-like	datasets\holdout_farmer_style\beans_healthy\bean_train_healthy_train.103.jpg	healthy	G7e_healthy_safety_focus_override	beans	beans_healthy	True	False	False	False	False	False	False	False	False	0.7572499540347338	0.7752566329164878	0.005169846270553305	0.2195556710510073	0.9453947078183643	beans_healthy	0.7572499540347338	other_leaf	0.2195556710510073	beans_rust	0.01124042175953842
beans	raw_photo-like	datasets\holdout_farmer_style\beans_healthy\bean_train_healthy_train.106.jpg	healthy	G7e_healthy_safety_focus_override	beans	beans_healthy	True	False	False	False	False	False	False	False	False	0.7343040669037816	0.7519637957510854	0.0018283047356082432	0.2458910040031518	0.9636760743778977	beans_healthy	0.7343040669037816	other_leaf	0.2458910040031518	beans_rust	0.012542859113899492
beans	raw_photo-like	datasets\holdout_farmer_style\beans_healthy\bean_train_healthy_train.116.jpg	healthy	G7e_healthy_safety_focus_override	beans	beans_healthy	True	False	False	False	False	False	False	False	False	0.7043048278626813	0.7639898094322191	0.07345212779063286	0.162521020565698	1.3456445708585814	beans_healthy	0.7043048278626813	other_leaf	0.162521020565698	potato_healthy	0.07265869355100259
beans	raw_photo-like	datasets\holdout_farmer_style\beans_healthy\bean_train_healthy_train.121.jpg	healthy	G7g_confident	beans	beans_healthy	True	False	False	False	False	False	False	False	False	0.8191945056449113	0.8293254742922901	0.0004203453628576952	0.17023535119189534	0.7527711504535584	beans_healthy	0.8191945056449113	other_leaf	0.17023535119189534	beans_rust	0.0057556075734850436
beans	raw_photo-like	datasets\holdout_farmer_style\beans_healthy\bean_train_healthy_train.122.jpg	healthy	G7e_healthy_safety_focus_override	beans	beans_healthy	True	False	False	False	False	False	False	False	False	0.7135359773258687	0.8970949365140601	0.0007480598855753574	0.10214039559128785	1.3115532834600814	beans_healthy	0.7135359773258687	beans_rust	0.1203268267120952	other_leaf	0.10214039559128785
beans	raw_photo-like	datasets\holdout_farmer_style\beans_healthy\bean_train_healthy_train.13.jpg	healthy	G7e_healthy_safety_focus_override	beans	beans_healthy	True	False	False	False	False	False	False	False	False	0.7368131684714543	0.7757124271070691	0.019948949922215825	0.20431745926936384	1.132148852414161	beans_healthy	0.7368131684714543	other_leaf	0.20431745926936384	beans_rust	0.028063750155385606
beans	raw_photo-like	datasets\holdout_farmer_style\beans_healthy\bean_train_healthy_train.133.jpg	healthy	G7g_confident	beans	beans_healthy	True	False	False	False	False	False	False	False	False	0.8407979897096277	0.8561901948848908	0.00011780980953640863	0.14367284526731233	0.7198855766104741	beans_healthy	0.8407979897096277	other_leaf	0.14367284526731233	beans_rust	0.01136177231931751
beans	raw_photo-like	datasets\holdout_farmer_style\beans_healthy\bean_train_healthy_train.138.jpg	healthy	G7e_healthy_safety_focus_override	beans	beans_healthy	True	False	False	False	False	False	False	False	False	0.7866706009220401	0.7922387659314057	0.0045626830045736744	0.20318020274554255	0.8214250968741983	beans_healthy	0.7866706009220401	other_leaf	0.20318020274554255	potato_healthy	0.0045580959249540524
beans	raw_photo-like	datasets\holdout_farmer_style\beans_healthy\bean_train_healthy_train.139.jpg	healthy	G7e_healthy_safety_focus_override	beans	beans_healthy	True	False	False	False	False	False	False	False	False	0.6676446966612044	0.7798025241836412	0.0008939228642213834	0.21928742925933506	1.3448890324196843	beans_healthy	0.6676446966612044	other_leaf	0.21928742925933506	beans_angular_leaf_spot	0.05730440673021328
beans	raw_photo-like	datasets\holdout_farmer_style\beans_healthy\bean_train_healthy_train.140.jpg	healthy	G7e_healthy_safety_focus_override	beans	beans_healthy	True	False	False	False	False	False	False	False	False	0.6247867021688764	0.7366254090794949	0.0035918235700418224	0.25976714924121524	1.4241240871583876	beans_healthy	0.6247867021688764	other_leaf	0.25976714924121524	beans_angular_leaf_spot	0.058285021751566884
beans	raw_photo-like	datasets\holdout_farmer_style\beans_healthy\bean_train_healthy_train.160.jpg	healthy	G7e_healthy_safety_focus_override	beans	beans_healthy	True	False	False	False	False	False	False	False	False	0.7568471130814614	0.871515608986783	0.00030627852767157847	0.12816069074561362	1.1486120695114783	beans_healthy	0.7568471130814614	other_leaf	0.12816069074561362	beans_rust	0.07922125072031967
beans	raw_photo-like	datasets\holdout_farmer_style\beans_healthy\bean_train_healthy_train.174.jpg	uncertain	G7c_entropy	beans	beans_rust	True	False	False	False	True	False	False	True	False	0.49970757434989876	0.8309993402901209	0.04499951867227637	0.12398642436153012	1.8015497681832562	beans_rust	0.49970757434989876	beans_healthy	0.28415737940575597	other_leaf	0.12398642436153012
beans	raw_photo-like	datasets\holdout_farmer_style\beans_healthy\bean_train_healthy_train.177.jpg	healthy	G7g_confident	beans	beans_healthy	True	False	False	False	False	False	False	False	False	0.8384029387677379	0.8622240715267433	0.006368172105929269	0.13138871040906724	0.7810811156084003	beans_healthy	0.8384029387677379	other_leaf	0.13138871040906724	beans_rust	0.022386451396459364
beans	raw_photo-like	datasets\holdout_farmer_style\beans_healthy\bean_train_healthy_train.178.jpg	healthy	G7e_healthy_safety_focus_override	beans	beans_healthy	True	False	False	False	False	False	False	False	False	0.7583600905483923	0.7863822250062009	0.0021020172201557785	0.2114979408172393	0.9686039398006007	beans_healthy	0.7583600905483923	other_leaf	0.2114979408172393	beans_angular_leaf_spot	0.014541090206544175
beans	raw_photo-like	datasets\holdout_farmer_style\beans_healthy\bean_train_healthy_train.18.jpg	healthy	G7e_healthy_safety_focus_override	beans	beans_healthy	True	False	False	False	False	False	False	False	False	0.6572430029200533	0.7066656614188284	0.029512208138186145	0.2638046670346224	1.3132130346883675	beans_healthy	0.6572430029200533	other_leaf	0.2638046670346224	beans_rust	0.037078699368642304
beans	raw_photo-like	datasets\holdout_farmer_style\beans_healthy\bean_train_healthy_train.180.jpg	healthy	G7e_healthy_safety_focus_override	beans	beans_healthy	True	False	False	False	False	False	False	False	False	0.7344496040761812	0.8626440363618155	0.0011565866594053203	0.13617946267329073	1.2024470369383802	beans_healthy	0.7344496040761812	other_leaf	0.13617946267329073	beans_rust	0.10284425884039666
beans	raw_photo-like	datasets\holdout_farmer_style\beans_healthy\bean_train_healthy_train.182.jpg	uncertain	G7c_entropy	beans	beans_healthy	True	False	False	False	True	False	False	True	False	0.5342312533162237	0.8320673647239526	0.0007697994503116483	0.1671443571204235	1.7334466717525616	beans_healthy	0.5342312533162237	beans_rust	0.17732083308372493	other_leaf	0.1671443571204235
beans	raw_photo-like	datasets\holdout_farmer_style\beans_healthy\bean_train_healthy_train.184.jpg	healthy	G7g_confident	beans	beans_healthy	True	False	False	False	False	False	False	False	False	0.8423171489804049	0.8431589646702129	0.0018197076570891583	0.15367601637369332	0.6650739913156875	beans_healthy	0.8423171489804049	other_leaf	0.15367601637369332	potato_healthy	0.0017345112424102666
beans	raw_photo-like	datasets\holdout_farmer_style\beans_healthy\bean_train_healthy_train.186.jpg	healthy	G7e_healthy_safety_focus_override	beans	beans_healthy	True	False	False	False	False	False	False	False	False	0.6281225207870601	0.6672070958525089	0.0012941383987043267	0.3314824488742172	1.1839230511604173	beans_healthy	0.6281225207870601	other_leaf	0.3314824488742172	beans_angular_leaf_spot	0.021426782232910987
beans	raw_photo-like	datasets\holdout_farmer_style\beans_healthy\bean_train_healthy_train.189.jpg	uncertain	G7c_entropy	beans	beans_healthy	True	False	False	False	True	False	False	True	False	0.544249717438107	0.7607656275992447	0.01492879361107673	0.22402512676729827	1.711120042145941	beans_healthy	0.544249717438107	other_leaf	0.22402512676729827	beans_rust	0.1636288478665524
beans	raw_photo-like	datasets\holdout_farmer_style\beans_healthy\bean_train_healthy_train.191.jpg	healthy	G7e_healthy_safety_focus_override	beans	beans_healthy	True	False	False	False	False	False	False	False	False	0.6988345090926315	0.753095854568458	0.045094049584689724	0.2017721210570259	1.3119550273532377	beans_healthy	0.6988345090926315	other_leaf	0.2017721210570259	potato_healthy	0.04394004838640395
beans	raw_photo-like	datasets\holdout_farmer_style\beans_healthy\bean_train_healthy_train.20.jpg	uncertain	G7c_entropy	beans	beans_healthy	True	False	False	False	True	False	False	True	False	0.5882433339373624	0.750659582430554	0.01928215602631873	0.23003638735755266	1.5619237376409003	beans_healthy	0.5882433339373624	other_leaf	0.23003638735755266	beans_rust	0.14352922026792442
beans	raw_photo-like	datasets\holdout_farmer_style\beans_healthy\bean_train_healthy_train.205.jpg	healthy	G7e_healthy_safety_focus_override	beans	beans_healthy	True	False	False	False	False	False	False	False	False	0.7465413815481641	0.7982122978458377	0.0019002766702332639	0.1998699121222208	1.0574563276605957	beans_healthy	0.7465413815481641	other_leaf	0.1998699121222208	beans_rust	0.039938356832687975
beans	raw_photo-like	datasets\holdout_farmer_style\beans_healthy\bean_train_healthy_train.211.jpg	healthy	G7e_healthy_safety_focus_override	beans	beans_healthy	True	False	False	False	False	False	False	False	False	0.6766956050091671	0.7249185400661041	0.06130322131702038	0.2137050840333766	1.3571935826343353	beans_healthy	0.6766956050091671	other_leaf	0.2137050840333766	potato_healthy	0.061190981753522236
beans	raw_photo-like	datasets\holdout_farmer_style\beans_healthy\bean_train_healthy_train.214.jpg	healthy	G7e_healthy_safety_focus_override	beans	beans_healthy	True	False	False	False	False	False	False	False	False	0.74117795166404	0.7870277856058783	0.0008434455109177971	0.212111290615173	1.049434215906669	beans_healthy	0.74117795166404	other_leaf	0.212111290615173	beans_rust	0.030969413505054114
beans	raw_photo-like	datasets\holdout_farmer_style\beans_healthy\bean_train_healthy_train.22.jpg	healthy	G7e_healthy_safety_focus_override	beans	beans_healthy	True	False	False	False	False	False	False	False	False	0.7725371535222122	0.7995546140456522	0.0007980757469250327	0.19962927967687763	0.9276720889140704	beans_healthy	0.7725371535222122	other_leaf	0.19962927967687763	beans_angular_leaf_spot	0.015428501647245345
beans	raw_photo-like	datasets\holdout_farmer_style\beans_healthy\bean_train_healthy_train.225.jpg	uncertain	G7c_entropy	beans	beans_healthy	True	False	False	False	True	False	False	True	False	0.5913837971796437	0.8352164306240978	0.0050470908075896425	0.15965550105101625	1.6520042219428523	beans_healthy	0.5913837971796437	other_leaf	0.15965550105101625	beans_angular_leaf_spot	0.1251831355760915
beans	raw_photo-like	datasets\holdout_farmer_style\beans_healthy\bean_train_healthy_train.23.jpg	uncertain	G7c_entropy	beans	beans_healthy	True	False	False	False	True	False	False	True	False	0.5925435041705442	0.8454192141496667	0.002317091707006147	0.15222743031677893	1.5897644852956043	beans_healthy	0.5925435041705442	beans_rust	0.18914953351092	other_leaf	0.15222743031677893
beans	raw_photo-like	datasets\holdout_farmer_style\beans_healthy\bean_train_healthy_train.231.jpg	healthy	G7g_confident	beans	beans_healthy	True	False	False	False	False	False	False	False	False	0.8467669060700159	0.8552116534499294	0.0016585667704958798	0.14311050540825734	0.6852356436395157	beans_healthy	0.8467669060700159	other_leaf	0.14311050540825734	beans_rust	0.006395496334296917
beans	raw_photo-like	datasets\holdout_farmer_style\beans_healthy\bean_train_healthy_train.257.jpg	uncertain	G7c_entropy	beans	beans_healthy	True	False	False	False	True	False	False	True	False	0.5449306450632992	0.6813226659040162	0.006809134657540537	0.31178952821290357	1.5826446100982967	beans_healthy	0.5449306450632992	other_leaf	0.31178952821290357	beans_rust	0.07236317985850814
beans	raw_photo-like	datasets\holdout_farmer_style\beans_healthy\bean_train_healthy_train.265.jpg	healthy	G7e_healthy_safety_focus_override	beans	beans_healthy	True	False	False	False	False	False	False	False	False	0.7856682679247697	0.823002036825155	0.026690302450881765	0.1502896286077479	1.0226025134026249	beans_healthy	0.7856682679247697	other_leaf	0.1502896286077479	beans_rust	0.032640563703877176
beans	raw_photo-like	datasets\holdout_farmer_style\beans_healthy\bean_train_healthy_train.27.jpg	healthy	G7e_healthy_safety_focus_override	beans	beans_healthy	True	False	False	False	False	False	False	False	False	0.7198613996395855	0.7493396903719172	0.028048448928030316	0.22259010473645394	1.14905358964824	beans_healthy	0.7198613996395855	other_leaf	0.22259010473645394	potato_healthy	0.02780389234901172
beans	raw_photo-like	datasets\holdout_farmer_style\beans_healthy\bean_train_healthy_train.280.jpg	healthy	G7g_confident	beans	beans_healthy	True	False	False	False	False	False	False	False	False	0.8129074509696539	0.8443232921072625	0.0006662186631484348	0.1549802402424685	0.8443673720605221	beans_healthy	0.8129074509696539	other_leaf	0.1549802402424685	beans_rust	0.026310087836304202
beans	raw_photo-like	datasets\holdout_farmer_style\beans_healthy\bean_train_healthy_train.283.jpg	healthy	G5_preserve_focus_crop	beans	beans_healthy	True	True	False	False	False	False	False	False	False	0.5247238940853577	0.5247238940853577	0.00030542750687619633	0.47495472311780385	1.1724603430996443	beans_healthy	0.4993367032511181	other_leaf	0.47495472311780385	beans_angular_leaf_spot	0.01668187448043251
beans	raw_photo-like	datasets\holdout_farmer_style\beans_healthy\bean_train_healthy_train.288.jpg	uncertain	G7c_entropy	beans	beans_healthy	True	False	False	False	True	False	False	True	False	0.4895212041942807	0.8252182210813905	0.028480918182951738	0.1462228059360988	1.837088796552654	beans_healthy	0.4895212041942807	beans_rust	0.2702495704645426	other_leaf	0.1462228059360988
beans	raw_photo-like	datasets\holdout_farmer_style\beans_healthy\bean_train_healthy_train.291.jpg	healthy	G7e_healthy_safety_focus_override	beans	beans_healthy	True	False	False	False	False	False	False	False	False	0.775361514098517	0.8261774692277454	0.015761874474195	0.15804278768490154	1.04128392393176	beans_healthy	0.775361514098517	other_leaf	0.15804278768490154	beans_rust	0.046401412668571076
beans	raw_photo-like	datasets\holdout_farmer_style\beans_healthy\bean_train_healthy_train.298.jpg	healthy	G7e_healthy_safety_focus_override	beans	beans_healthy	True	False	False	False	False	False	False	False	False	0.6879316144522786	0.7513225151751567	0.02987392933119096	0.2187637261185377	1.2964409669567718	beans_healthy	0.6879316144522786	other_leaf	0.2187637261185377	beans_rust	0.05503892557780674
beans	raw_photo-like	datasets\holdout_farmer_style\beans_healthy\bean_train_healthy_train.303.jpg	uncertain	G7c_entropy	beans	beans_healthy	True	False	False	False	True	False	False	True	False	0.5461306048102161	0.8256679568564944	0.024243043313938728	0.15006919676790403	1.6321703181572373	beans_healthy	0.5461306048102161	beans_rust	0.26150358595287143	other_leaf	0.15006919676790403
beans	raw_photo-like	datasets\holdout_farmer_style\beans_healthy\bean_train_healthy_train.319.jpg	healthy	G7e_healthy_safety_focus_override	beans	beans_healthy	True	False	False	False	False	False	False	False	False	0.6844942625576933	0.7669715867580598	0.03856727439759618	0.19436841689904252	1.3845719229255231	beans_healthy	0.6844942625576933	other_leaf	0.19436841689904252	beans_rust	0.06002169224628904
beans	raw_photo-like	datasets\holdout_farmer_style\beans_healthy\bean_train_healthy_train.4.jpg	uncertain	G7c_entropy	beans	beans_healthy	True	False	False	False	True	False	False	True	False	0.6018210519985491	0.7888657146239453	0.026885476609952573	0.1840637086209415	1.6465186421415827	beans_healthy	0.6018210519985491	other_leaf	0.1840637086209415	beans_rust	0.1364908103795132
beans	raw_photo-like	datasets\holdout_farmer_style\beans_healthy\bean_train_healthy_train.54.jpg	healthy	G7g_confident	beans	beans_healthy	True	False	False	False	False	False	False	False	False	0.841117836585688	0.8678513824300242	0.0013051563632884681	0.13082436011082668	0.765547266894576	beans_healthy	0.841117836585688	other_leaf	0.13082436011082668	beans_rust	0.021494744165951016
beans	raw_photo-like	datasets\holdout_farmer_style\beans_healthy\bean_train_healthy_train.56.jpg	uncertain	G7c_entropy	beans	beans_healthy	True	False	False	False	True	False	False	True	False	0.5997724911014714	0.6619900722940022	0.0733509758946117	0.264643743943849	1.5323595262354421	beans_healthy	0.5997724911014714	other_leaf	0.264643743943849	potato_healthy	0.0689110855559025
beans	raw_photo-like	datasets\holdout_farmer_style\beans_healthy\bean_train_healthy_train.57.jpg	healthy	G7e_healthy_safety_focus_override	beans	beans_healthy	True	False	False	False	False	False	False	False	False	0.6495328791685965	0.8445816810252252	0.03963657189187063	0.11573666261232247	1.4942294477342632	beans_healthy	0.6495328791685965	beans_rust	0.17819967953122154	other_leaf	0.11573666261232247
beans	raw_photo-like	datasets\holdout_farmer_style\beans_healthy\bean_train_healthy_train.6.jpg	healthy	G7e_healthy_safety_focus_override	beans	beans_healthy	True	False	False	False	False	False	False	False	False	0.6722028745364995	0.7847882561987074	0.02053008725190229	0.19466300796156738	1.399827302353819	beans_healthy	0.6722028745364995	other_leaf	0.19466300796156738	beans_rust	0.09245605415102912
beans	raw_photo-like	datasets\holdout_farmer_style\beans_healthy\bean_train_healthy_train.63.jpg	healthy	G7e_healthy_safety_focus_override	beans	beans_healthy	True	False	False	False	False	False	False	False	False	0.7633155772787812	0.7734825060101614	0.007276291859466683	0.2192232290457181	0.9062998444565	beans_healthy	0.7633155772787812	other_leaf	0.2192232290457181	potato_healthy	0.007270727640914167
beans	raw_photo-like	datasets\holdout_farmer_style\beans_healthy\bean_train_healthy_train.66.jpg	healthy	G7e_healthy_safety_focus_override	beans	beans_healthy	True	False	False	False	False	False	False	False	False	0.7013799105428553	0.880497738723962	0.01226270774968129	0.10655488256276238	1.3440149853045538	beans_healthy	0.7013799105428553	beans_rust	0.15199767161684072	other_leaf	0.10655488256276238
beans	raw_photo-like	datasets\holdout_farmer_style\beans_healthy\bean_train_healthy_train.71.jpg	healthy	G7e_healthy_safety_focus_override	beans	beans_healthy	True	False	False	False	False	False	False	False	False	0.6714370020390917	0.8108996252046222	0.015501948381291524	0.17356746943330584	1.4078559481721489	beans_healthy	0.6714370020390917	other_leaf	0.17356746943330584	beans_rust	0.11709582722986003
beans	raw_photo-like	datasets\holdout_farmer_style\beans_healthy\bean_train_healthy_train.75.jpg	healthy	G7e_healthy_safety_focus_override	beans	beans_healthy	True	False	False	False	False	False	False	False	False	0.616348173508326	0.629493734186388	0.01170742446537014	0.3587824397236228	1.1316082778354704	beans_healthy	0.616348173508326	other_leaf	0.3587824397236228	potato_healthy	0.011696012628026229
beans	raw_photo-like	datasets\holdout_farmer_style\beans_healthy\bean_train_healthy_train.78.jpg	uncertain	G7c_entropy	beans	beans_healthy	True	False	False	False	True	False	False	True	False	0.622697611286192	0.7607211285429678	0.010153629041336362	0.22910696949841075	1.5175319160185863	beans_healthy	0.622697611286192	other_leaf	0.22910696949841075	beans_rust	0.07034098626237252
beans	raw_photo-like	datasets\holdout_farmer_style\beans_healthy\bean_train_healthy_train.9.jpg	uncertain	G7c_entropy	beans	beans_healthy	True	False	False	False	True	False	False	True	False	0.5076159458355856	0.6780896249090368	0.05394580417224541	0.26792705826092483	1.7934128649177197	beans_healthy	0.5076159458355856	other_leaf	0.26792705826092483	beans_rust	0.1382532905427097
beans	raw_photo-like	datasets\holdout_farmer_style\beans_healthy\bean_train_healthy_train.90.jpg	healthy	G7d_class_confidence_focus_override	beans	beans_healthy	True	False	False	False	False	False	False	False	False	0.5660613293987699	0.6269279671980431	0.015350081833209834	0.35763494178041527	1.3911070992354297	beans_healthy	0.5660613293987699	other_leaf	0.35763494178041527	beans_rust	0.04615989961511113
beans	raw_photo-like	datasets\holdout_farmer_style\beans_healthy\bean_train_healthy_train.94.jpg	uncertain	G7c_entropy	beans	beans_healthy	True	False	False	False	True	False	False	True	False	0.5397995335484301	0.7366573018353345	0.05089507075651413	0.21187171434743038	1.809348816787561	beans_healthy	0.5397995335484301	other_leaf	0.21187171434743038	beans_rust	0.15486392802494045
beans	raw_photo-like	datasets\holdout_farmer_style\beans_healthy\bean_val_healthy_val.21.jpg	healthy	G7e_healthy_safety_focus_override	beans	beans_healthy	True	False	False	False	False	False	False	False	False	0.7342226097317683	0.8482604061477447	0.013959707648012111	0.13776261336673395	1.2150129389228996	beans_healthy	0.7342226097317683	other_leaf	0.13776261336673395	beans_rust	0.10439479228518751
beans	raw_photo-like	datasets\holdout_farmer_style\beans_healthy\bean_val_healthy_val.23.jpg	healthy	G7e_healthy_safety_focus_override	beans	beans_healthy	True	False	False	False	False	False	False	False	False	0.6821046479556603	0.8133949867808956	0.04192378540371284	0.1446634217494316	1.4519080620789828	beans_healthy	0.6821046479556603	other_leaf	0.1446634217494316	beans_rust	0.10520489591181748
beans	raw_photo-like	datasets\holdout_farmer_style\beans_healthy\bean_val_healthy_val.25.jpg	healthy	G7e_healthy_safety_focus_override	beans	beans_healthy	True	False	False	False	False	False	False	False	False	0.610027449609913	0.626299751840222	0.014829744820983173	0.3588542170272238	1.165696169418827	beans_healthy	0.610027449609913	other_leaf	0.3588542170272238	potato_healthy	0.014811098626192433
beans	raw_photo-like	datasets\holdout_farmer_style\beans_healthy\bean_val_healthy_val.4.jpg	healthy	G7g_confident	beans	beans_healthy	True	False	False	False	False	False	False	False	False	0.8407328153980177	0.8479389651761244	0.0010016726835682392	0.15104017740570133	0.6905896101255705	beans_healthy	0.8407328153980177	other_leaf	0.15104017740570133	beans_rust	0.00480682558707357
beans	raw_photo-like	datasets\holdout_farmer_style\beans_healthy\bean_val_healthy_val.43.jpg	healthy	G5_preserve_focus_crop	beans	beans_healthy	True	True	False	False	False	False	False	False	False	0.057009409831862486	0.057009409831862486	0.019929367748484212	0.9230405944298239	0.4746301175428867	other_leaf	0.9230405944298239	beans_healthy	0.05408369242955931	potato_healthy	0.019911097011976322
beans	raw_photo-like	datasets\holdout_farmer_style\beans_healthy\beans_health_20260308_105103.jpg	uncertain	G7c_entropy	beans	beans_healthy	True	False	False	False	True	False	False	True	False	0.4931876987429683	0.5994379919860238	0.2731085513839362	0.1273867923579713	1.7943905424191997	beans_healthy	0.4931876987429683	potato_healthy	0.270202120116104	other_leaf	0.1273867923579713
beans	raw_photo-like	datasets\holdout_farmer_style\beans_healthy\beans_health_20260308_105127.jpg	uncertain	G7c_entropy	beans	beans_healthy	True	False	False	False	True	False	False	True	False	0.48837172026174464	0.7677746006504189	0.05628536874311298	0.17590353449345553	1.9021093901166461	beans_healthy	0.48837172026174464	beans_rust	0.2253592496563303	other_leaf	0.17590353449345553
beans	raw_photo-like	datasets\holdout_farmer_style\beans_healthy\beans_health_20260308_105150.jpg	healthy	G5_preserve_focus_crop	potato	potato_healthy	True	True	False	False	False	False	False	False	False	0.33844320071153267	0.33844320071153267	0.24313422727264017	0.4183724364755805	1.8665423227125346	other_leaf	0.4183724364755805	potato_healthy	0.33295336928769365	beans_healthy	0.17435335214137965
beans	raw_photo-like	datasets\holdout_farmer_style\beans_healthy\beans_health_20260308_105435.jpg	uncertain	G7c_entropy	beans	beans_healthy	True	False	False	False	True	False	False	True	False	0.4309405386685074	0.617059570211339	0.22544199562614523	0.15705232118351956	2.0854954632418123	beans_healthy	0.4309405386685074	potato_healthy	0.2141922177159194	other_leaf	0.15705232118351956
beans	raw_photo-like	datasets\holdout_farmer_style\beans_healthy\beans_health_20260308_105446.jpg	uncertain	G7c_entropy	beans	beans_healthy	True	False	False	False	True	False	False	True	False	0.4066204312634193	0.6041528758565944	0.1996638778634099	0.196059333857432	2.060052780000137	beans_healthy	0.4066204312634193	other_leaf	0.196059333857432	potato_healthy	0.19573691200541707
beans	raw_photo-like	datasets\holdout_farmer_style\beans_healthy\beans_health_20260308_105532.jpg	healthy	G7a_crop_total_focus_rescue	beans	beans_healthy	True	False	False	True	False	False	False	False	False	0.45010866828035895	0.47117664625164496	0.27390512506769094	0.25489701974962914	1.6726718930123516	beans_healthy	0.45010866828035895	potato_healthy	0.27341313274373163	other_leaf	0.25489701974962914
beans	raw_photo-like	datasets\holdout_farmer_style\beans_healthy\beans_health_20260308_105817.jpg	uncertain	G7c_entropy	beans	beans_healthy	True	False	False	False	True	False	False	True	False	0.553228796602773	0.5850669894167023	0.09526847106635955	0.3196495908896719	1.5197709895370528	beans_healthy	0.553228796602773	other_leaf	0.3196495908896719	potato_healthy	0.0941939951990123
beans	raw_photo-like	datasets\holdout_farmer_style\beans_healthy\beans_health_20260308_105957.jpg	uncertain	G7c_entropy	potato	potato_healthy	True	False	False	False	True	False	False	True	False	0.5795759238063707	0.5959921622082726	0.12281752697766651	0.28117532393708844	1.5863840085631278	potato_healthy	0.5795759238063707	other_leaf	0.28117532393708844	beans_healthy	0.08115186249194405
beans	raw_photo-like	datasets\holdout_farmer_style\beans_healthy\beans_health_20260308_110114.jpg	uncertain	G7c_entropy	beans	beans_healthy	True	False	False	False	True	False	False	True	False	0.5689681602098154	0.6809317722653888	0.14686981498797946	0.17207665237192876	1.7633730077524818	beans_healthy	0.5689681602098154	other_leaf	0.17207665237192876	potato_healthy	0.1434487530020206
beans	raw_photo-like	datasets\holdout_farmer_style\beans_healthy\beans_health_20260308_110243.jpg	uncertain	G7c_entropy	beans	beans_healthy	True	False	False	False	True	False	False	True	False	0.47070310993979897	0.5571370071680398	0.20433134252647217	0.23848275065971214	1.8768148698349185	beans_healthy	0.47070310993979897	other_leaf	0.23848275065971214	potato_healthy	0.19924339820373413
beans	raw_photo-like	datasets\holdout_farmer_style\beans_healthy\beans_health_20260308_110605.jpg	uncertain	G7c_entropy	beans	beans_healthy	True	False	False	False	True	False	False	True	False	0.5031398583772101	0.6963525222472984	0.13239671512795725	0.17101013148194055	1.9498979481075893	beans_healthy	0.5031398583772101	other_leaf	0.17101013148194055	beans_rust	0.16158768028924841
beans	raw_photo-like	datasets\holdout_farmer_style\beans_healthy\beans_health_20260308_110623.jpg	uncertain	G7c_entropy	potato	potato_healthy	True	False	False	False	True	False	False	True	False	0.521357929013493	0.5239725652255373	0.2657588742650152	0.2102475024854954	1.6920627141666065	potato_healthy	0.521357929013493	beans_healthy	0.2255518754538999	other_leaf	0.2102475024854954
beans	raw_photo-like	datasets\holdout_farmer_style\beans_healthy\beans_health_20260308_110649.jpg	healthy	G7e_healthy_safety_focus_override	beans	beans_healthy	True	False	False	False	False	False	False	False	False	0.7238050729481027	0.7444887796064479	0.12297004692312317	0.13252089111023843	1.2185978952167695	beans_healthy	0.7238050729481027	other_leaf	0.13252089111023843	potato_healthy	0.12293446603268174
beans	raw_photo-like	datasets\holdout_farmer_style\beans_healthy\beans_health_20260308_110707.jpg	healthy	G7a_crop_total_focus_rescue	beans	beans_healthy	True	False	False	True	False	False	False	False	False	0.46249064259028166	0.49058493719929563	0.274342205413091	0.2350590715061224	1.677911986171224	beans_healthy	0.46249064259028166	potato_healthy	0.27416112227163764	other_leaf	0.2350590715061224
beans	raw_photo-like	datasets\holdout_farmer_style\beans_healthy\beans_health_20260308_110750.jpg	unsupported	G7a_crop_total	beans		True	False	False	True	False	False	False	False	False	0.0	0.40468896625512657	0.35747159665772205	0.23781495188491988	1.8230504189612387	beans_healthy	0.3624325580220922	potato_healthy	0.3521380753677663	other_leaf	0.23781495188491988
beans	raw_photo-like	datasets\holdout_farmer_style\beans_healthy\beans_health_20260308_110919.jpg	uncertain	G7c_entropy	beans	beans_healthy	True	False	False	False	True	False	False	True	False	0.5925974392338503	0.7356489016928769	0.08017963525278896	0.1841509737066543	1.6569897676091605	beans_healthy	0.5925974392338503	other_leaf	0.1841509737066543	beans_rust	0.12941492256504245
beans	raw_photo-like	datasets\holdout_farmer_style\beans_healthy\beans_health_20260308_110920.jpg	uncertain	G7c_entropy	beans	beans_healthy	True	False	False	False	True	False	False	True	False	0.576832957443961	0.7191015033752612	0.11747317918740961	0.1633868398557362	1.7170582097785874	beans_healthy	0.576832957443961	other_leaf	0.1633868398557362	beans_rust	0.12984520191055787
beans	raw_photo-like	datasets\holdout_farmer_style\beans_healthy\beans_health_20260308_110937.jpg	healthy	G7a_crop_total_focus_rescue	beans	beans_healthy	True	False	False	True	False	False	False	False	False	0.43781102040428566	0.46026234121589216	0.37030731380862797	0.16941216339295997	1.6240739156787156	beans_healthy	0.43781102040428566	potato_healthy	0.37006759948399515	other_leaf	0.16941216339295997
beans	raw_photo-like	datasets\holdout_farmer_style\beans_healthy\beans_health_9.jpg	healthy	G7e_healthy_safety_focus_override	beans	beans_healthy	True	False	False	False	False	False	False	False	False	0.7991890571214796	0.8200264640239104	0.03827826301169779	0.1416769963590036	0.9673824765099114	beans_healthy	0.7991890571214796	other_leaf	0.1416769963590036	potato_healthy	0.03825907614711381
unknown	raw_photo-like	datasets\holdout_farmer_style\beans_healthy\test_healthy_healthy_test.0.jpg	healthy	G7e_healthy_safety_focus_override	beans	beans_healthy	True	False	False	False	False	False	False	False	False	0.6414914739822342	0.7972599476415017	0.004222112073826965	0.19845640038134993	1.4808955540519262	beans_healthy	0.6414914739822342	other_leaf	0.19845640038134993	beans_rust	0.0887382188752724
unknown	raw_photo-like	datasets\holdout_farmer_style\beans_healthy\test_healthy_healthy_test.11.jpg	healthy	G7e_healthy_safety_focus_override	beans	beans_healthy	True	False	False	False	False	False	False	False	False	0.706924342807437	0.8144856037352379	0.009216326756680977	0.1762704022643037	1.2918642735899641	beans_healthy	0.706924342807437	other_leaf	0.1762704022643037	beans_rust	0.08086644050831036
unknown	raw_photo-like	datasets\holdout_farmer_style\beans_healthy\test_healthy_healthy_test.21.jpg	healthy	G7e_healthy_safety_focus_override	beans	beans_healthy	True	False	False	False	False	False	False	False	False	0.7814723674825007	0.8072634246158578	0.022334820471114552	0.17038371222578583	0.9856151601388928	beans_healthy	0.7814723674825007	other_leaf	0.17038371222578583	beans_rust	0.02307371550353649
unknown	raw_photo-like	datasets\holdout_farmer_style\beans_healthy\test_healthy_healthy_test.22.jpg	healthy	G7e_healthy_safety_focus_override	beans	beans_healthy	True	False	False	False	False	False	False	False	False	0.7224249357810214	0.8237344245230496	0.011519491894723422	0.164719364745867	1.2613769875819802	beans_healthy	0.7224249357810214	other_leaf	0.164719364745867	beans_rust	0.07531461672774425
unknown	raw_photo-like	datasets\holdout_farmer_style\beans_healthy\test_healthy_healthy_test.28.jpg	healthy	G7e_healthy_safety_focus_override	beans	beans_healthy	True	False	False	False	False	False	False	False	False	0.6436787774311411	0.8275908533293423	0.01681550802872363	0.15555906101903624	1.4977017335416063	beans_healthy	0.6436787774311411	other_leaf	0.15555906101903624	beans_rust	0.15410773545046155
unknown	raw_photo-like	datasets\holdout_farmer_style\beans_healthy\test_healthy_healthy_test.33.jpg	healthy	G7e_healthy_safety_focus_override	beans	beans_healthy	True	False	False	False	False	False	False	False	False	0.7330963201475736	0.7553401768608332	0.0034700002515534968	0.2411723014878768	0.9919429547041635	beans_healthy	0.7330963201475736	other_leaf	0.2411723014878768	beans_rust	0.01681511281744754
unknown	raw_photo-like	datasets\holdout_farmer_style\beans_healthy\test_healthy_healthy_test.40.jpg	uncertain	G7c_entropy	beans	beans_healthy	True	False	False	False	True	False	False	True	False	0.41845914176133525	0.8185068154306594	0.013849898933887848	0.1676306304061437	1.9662337058443484	beans_healthy	0.41845914176133525	beans_rust	0.2348517101862962	other_leaf	0.1676306304061437
unknown	raw_photo-like	datasets\holdout_farmer_style\beans_healthy\train_healthy_healthy_train.101.jpg	healthy	G7e_healthy_safety_focus_override	beans	beans_healthy	True	False	False	False	False	False	False	False	False	0.7388610734539746	0.8181112527135044	0.0012325535214768204	0.18063892154255554	1.1297762388963897	beans_healthy	0.7388610734539746	other_leaf	0.18063892154255554	beans_rust	0.06258657176986594
unknown	raw_photo-like	datasets\holdout_farmer_style\beans_healthy\train_healthy_healthy_train.11.jpg	healthy	G7e_healthy_safety_focus_override	beans	beans_healthy	True	False	False	False	False	False	False	False	False	0.7050070647243336	0.7617182001768968	0.01923242275662865	0.21903256993956757	1.2213004774180403	beans_healthy	0.7050070647243336	other_leaf	0.21903256993956757	beans_rust	0.04579646313590867
unknown	raw_photo-like	datasets\holdout_farmer_style\beans_healthy\train_healthy_healthy_train.110.jpg	healthy	G7e_healthy_safety_focus_override	beans	beans_healthy	True	False	False	False	False	False	False	False	False	0.6624064806908178	0.7307169205505567	0.027793512109018724	0.24146651779061473	1.3361610888840514	beans_healthy	0.6624064806908178	other_leaf	0.24146651779061473	beans_rust	0.06149929659695715
unknown	raw_photo-like	datasets\holdout_farmer_style\beans_healthy\train_healthy_healthy_train.119.jpg	healthy	G7e_healthy_safety_focus_override	beans	beans_healthy	True	False	False	False	False	False	False	False	False	0.6587225646778868	0.695416175861041	0.0013272967665162363	0.30323992072378014	1.1389323365145225	beans_healthy	0.6587225646778868	other_leaf	0.30323992072378014	beans_rust	0.02594549239494121
unknown	raw_photo-like	datasets\holdout_farmer_style\beans_healthy\train_healthy_healthy_train.121.jpg	healthy	G7g_confident	beans	beans_healthy	True	False	False	False	False	False	False	False	False	0.8191945056449113	0.8293254742922901	0.0004203453628576952	0.17023535119189534	0.7527711504535584	beans_healthy	0.8191945056449113	other_leaf	0.17023535119189534	beans_rust	0.0057556075734850436
unknown	raw_photo-like	datasets\holdout_farmer_style\beans_healthy\train_healthy_healthy_train.129.jpg	healthy	G7e_healthy_safety_focus_override	beans	beans_healthy	True	False	False	False	False	False	False	False	False	0.662343737571811	0.7986691785446349	0.01323492251218797	0.1880730683440504	1.433535124255456	beans_healthy	0.662343737571811	other_leaf	0.1880730683440504	beans_rust	0.10213518153401242
unknown	raw_photo-like	datasets\holdout_farmer_style\beans_healthy\train_healthy_healthy_train.134.jpg	uncertain	G7c_entropy	beans	beans_healthy	True	False	False	False	True	False	False	True	False	0.6284723271945939	0.7115919960723637	0.06579086861276387	0.22255405357970884	1.5779213106315317	beans_healthy	0.6284723271945939	other_leaf	0.22255405357970884	beans_rust	0.06175530274781108
unknown	raw_photo-like	datasets\holdout_farmer_style\beans_healthy\train_healthy_healthy_train.137.jpg	healthy	G7e_healthy_safety_focus_override	beans	beans_healthy	True	False	False	False	False	False	False	False	False	0.7531099408899117	0.7937866226118162	0.0521299261504591	0.15404712767269677	1.1572246604702907	beans_healthy	0.7531099408899117	other_leaf	0.15404712767269677	potato_healthy	0.0520567773088387
unknown	raw_photo-like	datasets\holdout_farmer_style\beans_healthy\train_healthy_healthy_train.145.jpg	healthy	G7g_confident	beans	beans_healthy	True	False	False	False	False	False	False	False	False	0.8248471595095097	0.8580447422790056	0.00047685944268536997	0.14145959063100408	0.8192101098807525	beans_healthy	0.8248471595095097	other_leaf	0.14145959063100408	beans_rust	0.027399336374647427
unknown	raw_photo-like	datasets\holdout_farmer_style\beans_healthy\train_healthy_healthy_train.150.jpg	healthy	G7g_confident	beans	beans_healthy	True	False	False	False	False	False	False	False	False	0.8052161964174691	0.8184534007048339	0.0005648108348755278	0.18096319251773454	0.800268973879376	beans_healthy	0.8052161964174691	other_leaf	0.18096319251773454	beans_angular_leaf_spot	0.006866620688173311
unknown	raw_photo-like	datasets\holdout_farmer_style\beans_healthy\train_healthy_healthy_train.158.jpg	healthy	G7e_healthy_safety_focus_override	beans	beans_healthy	True	False	False	False	False	False	False	False	False	0.6779006102323825	0.8454599712316793	6.154607047494897e-05	0.15446238123699688	1.3684329887195619	beans_healthy	0.6779006102323825	other_leaf	0.15446238123699688	beans_angular_leaf_spot	0.12370583127883845
unknown	raw_photo-like	datasets\holdout_farmer_style\beans_healthy\train_healthy_healthy_train.167.jpg	healthy	G7e_healthy_safety_focus_override	beans	beans_healthy	True	False	False	False	False	False	False	False	False	0.6473278931992303	0.8125412676841453	0.008143130462574106	0.1792653348052339	1.4916169679585745	beans_healthy	0.6473278931992303	other_leaf	0.1792653348052339	beans_rust	0.11470957295476737
unknown	raw_photo-like	datasets\holdout_farmer_style\beans_healthy\train_healthy_healthy_train.174.jpg	uncertain	G7c_entropy	beans	beans_rust	True	False	False	False	True	False	False	True	False	0.49970757434989876	0.8309993402901209	0.04499951867227637	0.12398642436153012	1.8015497681832562	beans_rust	0.49970757434989876	beans_healthy	0.28415737940575597	other_leaf	0.12398642436153012
unknown	raw_photo-like	datasets\holdout_farmer_style\beans_healthy\train_healthy_healthy_train.181.jpg	uncertain	G7c_entropy	beans	beans_healthy	True	False	False	False	True	False	False	True	False	0.5847705046574813	0.7462605349237162	0.014398296613603073	0.23900689677248435	1.6091624583381992	beans_healthy	0.5847705046574813	other_leaf	0.23900689677248435	beans_rust	0.11236064109195054
unknown	raw_photo-like	datasets\holdout_farmer_style\beans_healthy\train_healthy_healthy_train.190.jpg	uncertain	G7c_entropy	beans	beans_rust	True	False	False	False	True	False	False	True	False	0.45617869633056496	0.7843131642430273	0.04287164191075564	0.17247147497281254	1.934605896461091	beans_rust	0.45617869633056496	beans_healthy	0.25623275596241674	other_leaf	0.17247147497281254
unknown	raw_photo-like	datasets\holdout_farmer_style\beans_healthy\train_healthy_healthy_train.200.jpg	healthy	G7e_healthy_safety_focus_override	beans	beans_healthy	True	False	False	False	False	False	False	False	False	0.7172143298531412	0.7487439867646801	0.003280868738331115	0.24795788973060226	1.0579507994631379	beans_healthy	0.7172143298531412	other_leaf	0.24795788973060226	beans_angular_leaf_spot	0.01929705544737878
unknown	raw_photo-like	datasets\holdout_farmer_style\beans_healthy\train_healthy_healthy_train.206.jpg	healthy	G7e_healthy_safety_focus_override	beans	beans_healthy	True	False	False	False	False	False	False	False	False	0.7117899951896101	0.8342557068177785	0.013375719238572864	0.1522961185564346	1.3014051672313303	beans_healthy	0.7117899951896101	other_leaf	0.1522961185564346	beans_rust	0.1010739030687757
unknown	raw_photo-like	datasets\holdout_farmer_style\beans_healthy\train_healthy_healthy_train.211.jpg	healthy	G7e_healthy_safety_focus_override	beans	beans_healthy	True	False	False	False	False	False	False	False	False	0.6766956050091671	0.7249185400661041	0.06130322131702038	0.2137050840333766	1.3571935826343353	beans_healthy	0.6766956050091671	other_leaf	0.2137050840333766	potato_healthy	0.061190981753522236
unknown	raw_photo-like	datasets\holdout_farmer_style\beans_healthy\train_healthy_healthy_train.212.jpg	uncertain	G7c_entropy	beans	beans_healthy	True	False	False	False	True	False	False	True	False	0.6607287958865696	0.7453771126512778	0.0645276189369068	0.19003384585481692	1.5164525607986514	beans_healthy	0.6607287958865696	other_leaf	0.19003384585481692	beans_rust	0.0626167298229348
unknown	raw_photo-like	datasets\holdout_farmer_style\beans_healthy\train_healthy_healthy_train.214.jpg	healthy	G7e_healthy_safety_focus_override	beans	beans_healthy	True	False	False	False	False	False	False	False	False	0.74117795166404	0.7870277856058783	0.0008434455109177971	0.212111290615173	1.049434215906669	beans_healthy	0.74117795166404	other_leaf	0.212111290615173	beans_rust	0.030969413505054114
unknown	raw_photo-like	datasets\holdout_farmer_style\beans_healthy\train_healthy_healthy_train.23.jpg	uncertain	G7c_entropy	beans	beans_healthy	True	False	False	False	True	False	False	True	False	0.5925435041705442	0.8454192141496667	0.002317091707006147	0.15222743031677893	1.5897644852956043	beans_healthy	0.5925435041705442	beans_rust	0.18914953351092	other_leaf	0.15222743031677893
unknown	raw_photo-like	datasets\holdout_farmer_style\beans_healthy\train_healthy_healthy_train.232.jpg	uncertain	G7c_entropy	beans	beans_healthy	True	False	False	False	True	False	False	True	False	0.5356814158282157	0.8065362081673904	0.04215448281793718	0.1509092373562728	1.8061687900268575	beans_healthy	0.5356814158282157	beans_rust	0.22343941551065397	other_leaf	0.1509092373562728
unknown	raw_photo-like	datasets\holdout_farmer_style\beans_healthy\train_healthy_healthy_train.233.jpg	healthy	G7g_confident	beans	beans_healthy	True	False	False	False	False	False	False	False	False	0.8336730233796791	0.8910211430679686	3.240938247084937e-05	0.10892756846157861	0.8479312576360396	beans_healthy	0.8336730233796791	other_leaf	0.10892756846157861	beans_rust	0.044861741545303105
unknown	raw_photo-like	datasets\holdout_farmer_style\beans_healthy\train_healthy_healthy_train.239.jpg	healthy	G7e_healthy_safety_focus_override	beans	beans_healthy	True	False	False	False	False	False	False	False	False	0.7518526130303327	0.850546784051076	0.0006864571888134554	0.14874936775721534	1.1373528089175773	beans_healthy	0.7518526130303327	other_leaf	0.14874936775721534	beans_rust	0.0731380042513932
unknown	raw_photo-like	datasets\holdout_farmer_style\beans_healthy\train_healthy_healthy_train.242.jpg	healthy	G7g_confident	beans	beans_healthy	True	False	False	False	False	False	False	False	False	0.8392885385936031	0.9050155352702509	0.0004321984984182932	0.09453329908742754	0.8378707239084425	beans_healthy	0.8392885385936031	other_leaf	0.09453329908742754	beans_rust	0.055631539659997294
unknown	raw_photo-like	datasets\holdout_farmer_style\beans_healthy\train_healthy_healthy_train.243.jpg	healthy	G7e_healthy_safety_focus_override	beans	beans_healthy	True	False	False	False	False	False	False	False	False	0.7716280819033622	0.9056818524321884	0.0010886641396959603	0.09321179400111114	1.0975843979978157	beans_healthy	0.7716280819033622	beans_rust	0.1103851472050165	other_leaf	0.09321179400111114
unknown	raw_photo-like	datasets\holdout_farmer_style\beans_healthy\train_healthy_healthy_train.244.jpg	uncertain	G7c_entropy	beans	beans_healthy	True	False	False	False	True	False	False	True	False	0.5871874455811026	0.6574272168747444	0.11365693289973137	0.2286487792372857	1.7084345213721082	beans_healthy	0.5871874455811026	other_leaf	0.2286487792372857	potato_healthy	0.09792182169131121
unknown	raw_photo-like	datasets\holdout_farmer_style\beans_healthy\train_healthy_healthy_train.256.jpg	healthy	G7e_healthy_safety_focus_override	beans	beans_healthy	True	False	False	False	False	False	False	False	False	0.776192433328363	0.8186740218749275	0.0003985081573129178	0.18090947513431685	0.9695145673672051	beans_healthy	0.776192433328363	other_leaf	0.18090947513431685	beans_rust	0.02574042718391835
unknown	raw_photo-like	datasets\holdout_farmer_style\beans_healthy\train_healthy_healthy_train.268.jpg	healthy	G7e_healthy_safety_focus_override	beans	beans_healthy	True	False	False	False	False	False	False	False	False	0.7032949407652621	0.83702459900011	0.0003215930248915661	0.16263728888661155	1.3054325290256306	beans_healthy	0.7032949407652621	other_leaf	0.16263728888661155	beans_rust	0.08025512101142095
unknown	raw_photo-like	datasets\holdout_farmer_style\beans_healthy\train_healthy_healthy_train.27.jpg	healthy	G7e_healthy_safety_focus_override	beans	beans_healthy	True	False	False	False	False	False	False	False	False	0.7198613996395855	0.7493396903719172	0.028048448928030316	0.22259010473645394	1.14905358964824	beans_healthy	0.7198613996395855	other_leaf	0.22259010473645394	potato_healthy	0.02780389234901172
unknown	raw_photo-like	datasets\holdout_farmer_style\beans_healthy\train_healthy_healthy_train.272.jpg	healthy	G7e_healthy_safety_focus_override	beans	beans_healthy	True	False	False	False	False	False	False	False	False	0.6863637279400971	0.7184635895860695	0.1556062757685582	0.12591386796785767	1.3471487286505577	beans_healthy	0.6863637279400971	potato_healthy	0.1551548367823013	other_leaf	0.12591386796785767
unknown	raw_photo-like	datasets\holdout_farmer_style\beans_healthy\train_healthy_healthy_train.275.jpg	healthy	G7e_healthy_safety_focus_override	beans	beans_healthy	True	False	False	False	False	False	False	False	False	0.7356759729810669	0.789794965334197	0.030767360324968476	0.17942028140562089	1.2017731254266393	beans_healthy	0.7356759729810669	other_leaf	0.17942028140562089	beans_rust	0.0423094851374363
unknown	raw_photo-like	datasets\holdout_farmer_style\beans_healthy\train_healthy_healthy_train.293.jpg	healthy	G7g_confident	beans	beans_healthy	True	False	False	False	False	False	False	False	False	0.8439441236311834	0.8604873893764529	0.0004071620008061983	0.13908625389771365	0.7216986457213421	beans_healthy	0.8439441236311834	other_leaf	0.13908625389771365	beans_angular_leaf_spot	0.009169749334827892
unknown	raw_photo-like	datasets\holdout_farmer_style\beans_healthy\train_healthy_healthy_train.294.jpg	healthy	G7e_healthy_safety_focus_override	beans	beans_healthy	True	False	False	False	False	False	False	False	False	0.6647562526545752	0.7484030198579186	0.031346766505648785	0.2201864029590743	1.4013799220599998	beans_healthy	0.6647562526545752	other_leaf	0.2201864029590743	beans_rust	0.06441255883213255
unknown	raw_photo-like	datasets\holdout_farmer_style\beans_healthy\train_healthy_healthy_train.303.jpg	uncertain	G7c_entropy	beans	beans_healthy	True	False	False	False	True	False	False	True	False	0.5461306048102161	0.8256679568564944	0.024243043313938728	0.15006919676790403	1.6321703181572373	beans_healthy	0.5461306048102161	beans_rust	0.26150358595287143	other_leaf	0.15006919676790403
beans	raw_photo-like	datasets\holdout_farmer_style\beans_rust\bean_train_bean_rust_train.10.jpg	disease	G7g_confident	beans	beans_rust	True	False	False	False	False	False	False	False	False	0.7003204842580553	0.8955698033604049	0.0036166791084796266	0.10078929119549726	1.3790152782241596	beans_rust	0.7003204842580553	beans_angular_leaf_spot	0.10956456502656889	other_leaf	0.10078929119549726
beans	raw_photo-like	datasets\holdout_farmer_style\beans_rust\bean_train_bean_rust_train.112.jpg	uncertain	G7c_entropy	beans	beans_rust	True	False	False	False	True	False	False	True	False	0.37978196310313006	0.85167999427917	0.0016186625801606588	0.1466481764297796	1.8125056640298332	beans_rust	0.37978196310313006	beans_angular_leaf_spot	0.37460021875305083	other_leaf	0.1466481764297796
beans	raw_photo-like	datasets\holdout_farmer_style\beans_rust\bean_train_bean_rust_train.12.jpg	disease	G7g_confident	beans	beans_rust	True	False	False	False	False	False	False	False	False	0.7924309050783825	0.9092325027616518	0.0008622613310725094	0.08985854353984925	0.9823366113787555	beans_rust	0.7924309050783825	beans_angular_leaf_spot	0.11146319632837332	other_leaf	0.08985854353984925
beans	raw_photo-like	datasets\holdout_farmer_style\beans_rust\bean_train_bean_rust_train.125.jpg	disease	G7g_confident	beans	beans_rust	True	False	False	False	False	False	False	False	False	0.7073422210454029	0.8622835606259935	0.000709020432325217	0.13698931043708137	1.2777691725688076	beans_rust	0.7073422210454029	other_leaf	0.13698931043708137	beans_angular_leaf_spot	0.1266251452728562
beans	raw_photo-like	datasets\holdout_farmer_style\beans_rust\bean_train_bean_rust_train.126.jpg	uncertain	G7c_entropy	beans	beans_rust	True	False	False	False	True	False	False	True	False	0.40523188102288615	0.7158005749147043	0.13598022050177752	0.1470181640179623	2.3398121998746495	beans_rust	0.40523188102288615	beans_healthy	0.1555533080905625	beans_angular_leaf_spot	0.15501538580125565
beans	raw_photo-like	datasets\holdout_farmer_style\beans_rust\bean_train_bean_rust_train.138.jpg	disease	G7g_confident	beans	beans_rust	True	False	False	False	False	False	False	False	False	0.7153991099710201	0.8800712861441107	0.0010619402696603775	0.11885001705575454	1.245973719276275	beans_rust	0.7153991099710201	beans_angular_leaf_spot	0.14191897566830902	other_leaf	0.11885001705575454
beans	raw_photo-like	datasets\holdout_farmer_style\beans_rust\bean_train_bean_rust_train.148.jpg	disease	G7g_confident	beans	beans_rust	True	False	False	False	False	False	False	False	False	0.6390280591966165	0.9096895560960401	0.002145125670262321	0.08813380442263749	1.3607686845609759	beans_rust	0.6390280591966165	beans_angular_leaf_spot	0.24967487164275876	other_leaf	0.08813380442263749
beans	raw_photo-like	datasets\holdout_farmer_style\beans_rust\bean_train_bean_rust_train.152.jpg	uncertain	G7c_entropy	beans	beans_rust	True	False	False	False	True	False	False	True	False	0.34380235608043375	0.6681883245919452	0.0711163748768949	0.260664599806012	2.120440452852313	beans_rust	0.34380235608043375	beans_angular_leaf_spot	0.26722698798289585	other_leaf	0.260664599806012
beans	raw_photo-like	datasets\holdout_farmer_style\beans_rust\bean_train_bean_rust_train.156.jpg	uncertain	G7c_entropy	beans	beans_rust	True	False	False	False	True	False	False	True	False	0.5421748729677384	0.8295211898404173	0.0007151810023792171	0.16974939345993403	1.6614402440605178	beans_rust	0.5421748729677384	beans_angular_leaf_spot	0.22180089433262523	other_leaf	0.16974939345993403
beans	raw_photo-like	datasets\holdout_farmer_style\beans_rust\bean_train_bean_rust_train.157.jpg	uncertain	G7c_entropy	beans	beans_rust	True	False	False	False	True	False	False	True	False	0.49649200713557884	0.8049277438210944	0.03531605572253848	0.1586700734984606	1.9372632241958776	beans_rust	0.49649200713557884	beans_healthy	0.19977921253841627	other_leaf	0.1586700734984606
beans	raw_photo-like	datasets\holdout_farmer_style\beans_rust\bean_train_bean_rust_train.170.jpg	uncertain	G7c_entropy	beans	beans_rust	True	False	False	False	True	False	False	True	False	0.6342322603842645	0.8148790491878429	0.0173645713797686	0.16769907050831803	1.573350468839559	beans_rust	0.6342322603842645	other_leaf	0.16769907050831803	beans_angular_leaf_spot	0.1288144638948786
beans	raw_photo-like	datasets\holdout_farmer_style\beans_rust\bean_train_bean_rust_train.171.jpg	uncertain	G7c_entropy	beans	beans_rust	True	False	False	False	True	False	False	True	False	0.5756029485398855	0.8464195976795403	0.005617214579950787	0.14794487977073162	1.663057150557772	beans_rust	0.5756029485398855	beans_angular_leaf_spot	0.18751725406106104	other_leaf	0.14794487977073162
beans	raw_photo-like	datasets\holdout_farmer_style\beans_rust\bean_train_bean_rust_train.175.jpg	disease	G7g_confident	beans	beans_rust	True	False	False	False	False	False	False	False	False	0.6884639690247566	0.8787602229993281	0.00994202851845738	0.11128161393230494	1.4295768448142545	beans_rust	0.6884639690247566	beans_healthy	0.11712138666105093	other_leaf	0.11128161393230494
beans	raw_photo-like	datasets\holdout_farmer_style\beans_rust\bean_train_bean_rust_train.177.jpg	uncertain	G7c_entropy	beans	beans_rust	True	False	False	False	True	False	False	True	False	0.5875563517069541	0.7803552337113704	0.01615816235584386	0.20346558263897196	1.669354992104221	beans_rust	0.5875563517069541	other_leaf	0.20346558263897196	beans_angular_leaf_spot	0.09917106330246836
beans	raw_photo-like	datasets\holdout_farmer_style\beans_rust\bean_train_bean_rust_train.181.jpg	uncertain	G7c_entropy	beans	beans_healthy	True	False	False	False	True	False	False	True	False	0.457811360357807	0.8418504666998713	0.00696374629878974	0.1511662355047439	1.8318860216639306	beans_healthy	0.457811360357807	beans_rust	0.2839457521755179	other_leaf	0.1511662355047439
beans	raw_photo-like	datasets\holdout_farmer_style\beans_rust\bean_train_bean_rust_train.2.jpg	uncertain	G7c_entropy	beans	beans_rust	True	False	False	False	True	False	False	True	False	0.41635431631719083	0.7012415801587699	0.0689847591037075	0.2293043636609258	2.110022021771281	beans_rust	0.41635431631719083	other_leaf	0.2293043636609258	beans_healthy	0.16737540330419082
beans	raw_photo-like	datasets\holdout_farmer_style\beans_rust\bean_train_bean_rust_train.20.jpg	disease	G7g_confident	beans	beans_rust	True	False	False	False	False	False	False	False	False	0.7476234178482288	0.8951360671035935	0.0033561744422183066	0.10149058184982371	1.2322441247675169	beans_rust	0.7476234178482288	other_leaf	0.10149058184982371	beans_healthy	0.07720695632786743
beans	raw_photo-like	datasets\holdout_farmer_style\beans_rust\bean_train_bean_rust_train.201.jpg	disease	G7d_class_confidence_focus_override	beans	beans_angular_leaf_spot	True	False	False	False	False	False	False	False	False	0.5485546116217876	0.9061938607003371	0.00033423822826895115	0.09345666702496302	1.3784384257686644	beans_angular_leaf_spot	0.5485546116217876	beans_rust	0.3508521235139612	other_leaf	0.09345666702496302
beans	raw_photo-like	datasets\holdout_farmer_style\beans_rust\bean_train_bean_rust_train.209.jpg	disease	G7g_confident	beans	beans_rust	True	False	False	False	False	False	False	False	False	0.7473206331188561	0.8464703010009309	0.009837425595483338	0.14366186282433901	1.2150696631216307	beans_rust	0.7473206331188561	other_leaf	0.14366186282433901	beans_angular_leaf_spot	0.05030980584045067
beans	raw_photo-like	datasets\holdout_farmer_style\beans_rust\bean_train_bean_rust_train.218.jpg	disease	G7g_confident	beans	beans_rust	True	False	False	False	False	False	False	False	False	0.6497466079641228	0.8445227321471513	0.0005479551633238935	0.1549058176727499	1.4794830773454721	beans_rust	0.6497466079641228	other_leaf	0.1549058176727499	beans_healthy	0.11135993331460906
beans	raw_photo-like	datasets\holdout_farmer_style\beans_rust\bean_train_bean_rust_train.235.jpg	disease	G7g_confident	beans	beans_rust	True	False	False	False	False	False	False	False	False	0.9311356695616917	0.9764416830078475	8.307921874303995e-05	0.023454457855684993	0.45747258080983877	beans_rust	0.9311356695616917	beans_angular_leaf_spot	0.037150466922551695	other_leaf	0.023454457855684993
beans	raw_photo-like	datasets\holdout_farmer_style\beans_rust\bean_train_bean_rust_train.238.jpg	disease	G7d_class_confidence_focus_override	beans	beans_angular_leaf_spot	True	False	False	False	False	False	False	False	False	0.47195942055953455	0.8967477385522321	0.004378287904643745	0.09883840134629236	1.4177403966754247	beans_angular_leaf_spot	0.47195942055953455	beans_rust	0.4234768636711159	other_leaf	0.09883840134629236
beans	raw_photo-like	datasets\holdout_farmer_style\beans_rust\bean_train_bean_rust_train.248.jpg	uncertain	G7c_entropy	beans	beans_rust	True	False	False	False	True	False	False	True	False	0.5138322826770225	0.8614726649069664	0.02066428739139239	0.11781767242391432	1.8460302671004756	beans_rust	0.5138322826770225	beans_healthy	0.21153638742146236	beans_angular_leaf_spot	0.1361039948084815
beans	raw_photo-like	datasets\holdout_farmer_style\beans_rust\bean_train_bean_rust_train.250.jpg	uncertain	G7c_entropy	beans	beans_rust	True	False	False	False	True	False	False	True	False	0.5666390483558036	0.8445520976084286	0.016179078036855324	0.13921140669643028	1.7556683941024367	beans_rust	0.5666390483558036	beans_healthy	0.16719101100092776	other_leaf	0.13921140669643028
beans	raw_photo-like	datasets\holdout_farmer_style\beans_rust\bean_train_bean_rust_train.259.jpg	disease	G7g_confident	beans	beans_rust	True	False	False	False	False	False	False	False	False	0.7961017700746876	0.8893777753797673	0.0015340871238294443	0.10904991579701447	1.0220470339893757	beans_rust	0.7961017700746876	other_leaf	0.10904991579701447	beans_angular_leaf_spot	0.06941276110252359
beans	raw_photo-like	datasets\holdout_farmer_style\beans_rust\bean_train_bean_rust_train.26.jpg	disease	G7g_confident	beans	beans_rust	True	False	False	False	False	False	False	False	False	0.9005468241099097	0.9678423568033521	0.0005819628096151517	0.03155554398049749	0.6265185243290875	beans_rust	0.9005468241099097	beans_angular_leaf_spot	0.042827486296450105	other_leaf	0.03155554398049749
beans	raw_photo-like	datasets\holdout_farmer_style\beans_rust\bean_train_bean_rust_train.277.jpg	uncertain	G7c_entropy	beans	beans_rust	True	False	False	False	True	False	False	True	False	0.4069539927413984	0.7663202147321941	0.05007200309542539	0.18096532325800951	2.1600193090217585	beans_rust	0.4069539927413984	beans_angular_leaf_spot	0.2290294388582933	other_leaf	0.18096532325800951
beans	raw_photo-like	datasets\holdout_farmer_style\beans_rust\bean_train_bean_rust_train.280.jpg	disease	G7a_other_leaf_ratio_focus_rescue	beans	beans_angular_leaf_spot	True	False	False	True	False	False	False	False	False	0.2787270606578556	0.5569675767159038	0.06660983289937777	0.3755728648523816	2.079717041177177	other_leaf	0.3755728648523816	beans_angular_leaf_spot	0.2787270606578556	beans_rust	0.2374807059916211
beans	raw_photo-like	datasets\holdout_farmer_style\beans_rust\bean_train_bean_rust_train.281.jpg	uncertain	G7c_entropy	beans	beans_rust	True	False	False	False	True	False	False	True	False	0.4943980931154856	0.7036746756858494	0.1308039495086935	0.16459790737974572	2.104450194535961	beans_rust	0.4943980931154856	other_leaf	0.16459790737974572	beans_healthy	0.12241462490740802
beans	raw_photo-like	datasets\holdout_farmer_style\beans_rust\bean_train_bean_rust_train.291.jpg	uncertain	G7c_entropy	beans	beans_rust	True	False	False	False	True	False	False	True	False	0.45006935691337674	0.6316776629080165	0.027530362326185668	0.340510316604776	1.8508751650938222	beans_rust	0.45006935691337674	other_leaf	0.340510316604776	beans_healthy	0.10699575974165554
beans	raw_photo-like	datasets\holdout_farmer_style\beans_rust\bean_train_bean_rust_train.296.jpg	uncertain	G7c_entropy	beans	beans_rust	True	False	False	False	True	False	False	True	False	0.5442200899230314	0.7882548915105132	0.017991922106721295	0.1937389242248209	1.688927332424085	beans_rust	0.5442200899230314	beans_healthy	0.20706069475909825	other_leaf	0.1937389242248209
beans	raw_photo-like	datasets\holdout_farmer_style\beans_rust\bean_train_bean_rust_train.297.jpg	disease	G7g_confident	beans	beans_rust	True	False	False	False	False	False	False	False	False	0.6396684840143584	0.8563907894401648	0.005989233396039238	0.1375765571129293	1.452815160708475	beans_rust	0.6396684840143584	beans_angular_leaf_spot	0.19067010680157936	other_leaf	0.1375765571129293
beans	raw_photo-like	datasets\holdout_farmer_style\beans_rust\bean_train_bean_rust_train.298.jpg	disease	G7g_confident	beans	beans_rust	True	False	False	False	False	False	False	False	False	0.7275566051011491	0.9020983395060337	0.003832947464566373	0.09397833737702682	1.291417686284148	beans_rust	0.7275566051011491	beans_angular_leaf_spot	0.11733957850374499	other_leaf	0.09397833737702682
beans	raw_photo-like	datasets\holdout_farmer_style\beans_rust\bean_train_bean_rust_train.302.jpg	disease	G7g_confident	beans	beans_rust	True	False	False	False	False	False	False	False	False	0.6051981741999591	0.8939273981543132	0.001066832548559648	0.10497533250792808	1.3353265142585695	beans_rust	0.6051981741999591	beans_angular_leaf_spot	0.28554108773571996	other_leaf	0.10497533250792808
beans	raw_photo-like	datasets\holdout_farmer_style\beans_rust\bean_train_bean_rust_train.306.jpg	disease	G7g_confident	beans	beans_rust	True	False	False	False	False	False	False	False	False	0.7181727142545473	0.8553833732813032	0.0009561932475308951	0.14356502054273085	1.2477573012615581	beans_rust	0.7181727142545473	other_leaf	0.14356502054273085	beans_angular_leaf_spot	0.11060143837613072
beans	raw_photo-like	datasets\holdout_farmer_style\beans_rust\bean_train_bean_rust_train.307.jpg	disease	G7g_confident	beans	beans_rust	True	False	False	False	False	False	False	False	False	0.6769792216716634	0.8735400472954487	0.0030616287755506045	0.12335576908534038	1.431691710649993	beans_rust	0.6769792216716634	other_leaf	0.12335576908534038	beans_healthy	0.11991639370850682
beans	raw_photo-like	datasets\holdout_farmer_style\beans_rust\bean_train_bean_rust_train.310.jpg	uncertain	G7c_entropy	beans	beans_healthy	True	False	False	False	True	False	False	True	False	0.577521938145408	0.8638237076714022	0.0003048285965035148	0.135856560481886	1.5208699258548608	beans_healthy	0.577521938145408	beans_rust	0.25189149159506363	other_leaf	0.135856560481886
beans	raw_photo-like	datasets\holdout_farmer_style\beans_rust\bean_train_bean_rust_train.325.jpg	uncertain	G7c_entropy	beans	beans_rust	True	False	False	False	True	False	False	True	False	0.5799651870032297	0.8271215403179589	0.01919335892238945	0.15366744551110026	1.7303612595373161	beans_rust	0.5799651870032297	beans_angular_leaf_spot	0.1574596484293166	other_leaf	0.15366744551110026
beans	raw_photo-like	datasets\holdout_farmer_style\beans_rust\bean_train_bean_rust_train.347.jpg	uncertain	G7c_entropy	beans	beans_angular_leaf_spot	True	False	False	False	True	False	False	True	False	0.4904221521880431	0.9044378690469519	0.00660221567215533	0.08894279515099862	1.5329632957763617	beans_angular_leaf_spot	0.4904221521880431	beans_rust	0.3894178938291032	other_leaf	0.08894279515099862
beans	raw_photo-like	datasets\holdout_farmer_style\beans_rust\bean_train_bean_rust_train.39.jpg	disease	G7g_confident	beans	beans_rust	True	False	False	False	False	False	False	False	False	0.6860537306750396	0.9177289012842197	0.0007321259152214544	0.08152188927943298	1.2666123854285047	beans_rust	0.6860537306750396	beans_angular_leaf_spot	0.21074106822181723	other_leaf	0.08152188927943298
beans	raw_photo-like	datasets\holdout_farmer_style\beans_rust\bean_train_bean_rust_train.40.jpg	disease	G7g_confident	beans	beans_rust	True	False	False	False	False	False	False	False	False	0.6176524280304461	0.9157441257638734	0.0011093860326979168	0.08312632671544774	1.2756088630423448	beans_rust	0.6176524280304461	beans_angular_leaf_spot	0.2964708287050286	other_leaf	0.08312632671544774
beans	raw_photo-like	datasets\holdout_farmer_style\beans_rust\bean_train_bean_rust_train.41.jpg	disease	G7g_confident	beans	beans_rust	True	False	False	False	False	False	False	False	False	0.6959756322384214	0.8643281964870486	0.017887495077370474	0.11776367829195039	1.437958658968067	beans_rust	0.6959756322384214	other_leaf	0.11776367829195039	beans_angular_leaf_spot	0.0996349645214439
beans	raw_photo-like	datasets\holdout_farmer_style\beans_rust\bean_train_bean_rust_train.45.jpg	uncertain	G7c_entropy	beans	beans_rust	True	False	False	False	True	False	False	True	False	0.3813888573025061	0.7912121617338519	0.028058019071671724	0.17958137603536353	2.011946429736468	beans_rust	0.3813888573025061	beans_angular_leaf_spot	0.3216870946473051	other_leaf	0.17958137603536353
beans	raw_photo-like	datasets\holdout_farmer_style\beans_rust\bean_train_bean_rust_train.5.jpg	disease	G7g_confident	beans	beans_rust	True	False	False	False	False	False	False	False	False	0.7779572425312135	0.9244205463151717	0.0001545043434314676	0.07540714513975337	1.0752911550805169	beans_rust	0.7779572425312135	beans_angular_leaf_spot	0.11802341741340193	other_leaf	0.07540714513975337
beans	raw_photo-like	datasets\holdout_farmer_style\beans_rust\bean_train_bean_rust_train.64.jpg	disease	G7d_class_confidence_focus_override	beans	beans_rust	True	False	False	False	False	False	False	False	False	0.5486205913250215	0.9123955790326217	0.016421839259051284	0.07116188445053967	1.4067767143918537	beans_rust	0.5486205913250215	beans_angular_leaf_spot	0.36132497110609985	other_leaf	0.07116188445053967
beans	raw_photo-like	datasets\holdout_farmer_style\beans_rust\bean_train_bean_rust_train.68.jpg	disease	G7g_confident	beans	beans_rust	True	False	False	False	False	False	False	False	False	0.753733228106512	0.9073111865234437	0.0010311925559063195	0.09163877230744576	1.1634637905457632	beans_rust	0.753733228106512	beans_angular_leaf_spot	0.12129906755319189	other_leaf	0.09163877230744576
beans	raw_photo-like	datasets\holdout_farmer_style\beans_rust\bean_train_bean_rust_train.7.jpg	disease	G7d_class_confidence_focus_override	beans	beans_rust	True	False	False	False	False	False	False	False	False	0.5957470972465808	0.9101730486705227	0.000816156098489626	0.08899426178513524	1.3089389224708616	beans_rust	0.5957470972465808	beans_angular_leaf_spot	0.31230281981032204	other_leaf	0.08899426178513524
beans	raw_photo-like	datasets\holdout_farmer_style\beans_rust\bean_train_bean_rust_train.82.jpg	uncertain	G7c_entropy	beans	beans_healthy	True	False	False	False	True	False	False	True	False	0.4140890155450724	0.8315813332677944	0.0238116769520991	0.1445563403422816	1.7766705135049239	beans_healthy	0.4140890155450724	beans_rust	0.3790415025213352	other_leaf	0.1445563403422816
beans	raw_photo-like	datasets\holdout_farmer_style\beans_rust\bean_train_bean_rust_train.83.jpg	uncertain	G7c_entropy	beans	beans_angular_leaf_spot	True	False	False	False	True	False	False	True	False	0.376938803013446	0.6657791914312308	0.19076755480848157	0.14289036416000725	2.113700397329483	beans_angular_leaf_spot	0.376938803013446	beans_rust	0.28060888569599235	potato_early_blight	0.16140105643107813
beans	raw_photo-like	datasets\holdout_farmer_style\beans_rust\bean_train_bean_rust_train.86.jpg	disease	G7g_confident	beans	beans_rust	True	False	False	False	False	False	False	False	False	0.6775657446639329	0.9239342275517947	0.0007004454369465066	0.07532786406156	1.1959878624574118	beans_rust	0.6775657446639329	beans_angular_leaf_spot	0.2427012861925773	other_leaf	0.07532786406156
beans	raw_photo-like	datasets\holdout_farmer_style\beans_rust\bean_val_bean_rust_val.17.jpg	uncertain	G7c_entropy	beans	beans_rust	True	False	False	False	True	False	False	True	False	0.48169108194736865	0.8040576948171185	0.061705432916088696	0.13402458073168713	1.7875262206358125	beans_rust	0.48169108194736865	beans_angular_leaf_spot	0.3159858444387238	other_leaf	0.13402458073168713
beans	raw_photo-like	datasets\holdout_farmer_style\beans_rust\bean_val_bean_rust_val.18.jpg	uncertain	G7c_entropy	beans	beans_rust	True	False	False	False	True	False	False	True	False	0.6619749165005212	0.788009444972793	0.05028948931872606	0.1616783623101242	1.5193224098304026	beans_rust	0.6619749165005212	other_leaf	0.1616783623101242	beans_healthy	0.09381691122440312
beans	raw_photo-like	datasets\holdout_farmer_style\beans_rust\bean_val_bean_rust_val.28.jpg	uncertain	G7c_entropy	beans	beans_rust	True	False	False	False	True	False	False	True	False	0.575258385071352	0.7866003109436832	0.022061642258795998	0.1912101388226193	1.740024184343677	beans_rust	0.575258385071352	other_leaf	0.1912101388226193	beans_angular_leaf_spot	0.11709077067295898
beans	raw_photo-like	datasets\holdout_farmer_style\beans_rust\bean_val_bean_rust_val.31.jpg	uncertain	G7c_entropy	beans	beans_rust	True	False	False	False	True	False	False	True	False	0.4619963411865715	0.7696320321237848	0.08478933768243266	0.1454870026975053	2.142917013440836	beans_rust	0.4619963411865715	beans_angular_leaf_spot	0.1806623610533221	other_leaf	0.1454870026975053
beans	raw_photo-like	datasets\holdout_farmer_style\beans_rust\bean_val_bean_rust_val.36.jpg	uncertain	G7c_entropy	beans	beans_rust	True	False	False	False	True	False	False	True	False	0.530677647621711	0.7911018716475695	0.005496685635621297	0.20338707866384886	1.6515141735235417	beans_rust	0.530677647621711	beans_healthy	0.22416709381959737	other_leaf	0.20338707866384886
beans	raw_photo-like	datasets\holdout_farmer_style\beans_rust\bean_val_bean_rust_val.37.jpg	disease	G7d_class_confidence_focus_override	beans	beans_rust	True	False	False	False	False	False	False	False	False	0.5420209520657144	0.9179497494949194	0.00024500808086853155	0.08178986788471714	1.323314998241707	beans_rust	0.5420209520657144	beans_angular_leaf_spot	0.3743281314483886	other_leaf	0.08178986788471714
beans	raw_photo-like	datasets\holdout_farmer_style\beans_rust\bean_val_bean_rust_val.39.jpg	disease	G7g_confident	beans	beans_rust	True	False	False	False	False	False	False	False	False	0.65198973380949	0.8450320737696604	0.0016142747577915476	0.1533238357184194	1.4031615291940636	beans_rust	0.65198973380949	beans_angular_leaf_spot	0.16683975992855032	other_leaf	0.1533238357184194
beans	raw_photo-like	datasets\holdout_farmer_style\beans_rust\bean_val_bean_rust_val.42.jpg	uncertain	G7c_entropy	beans	beans_angular_leaf_spot	True	False	False	False	True	False	False	True	False	0.44401890800580357	0.8512756619535403	0.06041252893474164	0.08826057711711581	1.6733196627027598	beans_angular_leaf_spot	0.44401890800580357	beans_rust	0.402824054414309	other_leaf	0.08826057711711581
beans	raw_photo-like	datasets\holdout_farmer_style\beans_rust\bean_val_bean_rust_val.43.jpg	disease	G7g_confident	beans	beans_rust	True	False	False	False	False	False	False	False	False	0.6082756987752856	0.9260132426037594	0.000549205227163322	0.07341884918215444	1.2773013901927701	beans_rust	0.6082756987752856	beans_angular_leaf_spot	0.3136218585422559	other_leaf	0.07341884918215444
beans	raw_photo-like	datasets\holdout_farmer_style\beans_rust\bean_val_bean_rust_val.44.jpg	disease	G7d_class_confidence_focus_override	beans	beans_rust	True	False	False	False	False	False	False	False	False	0.5175055050603994	0.890039307545341	0.001128533802883936	0.10880679457077286	1.3956954888760351	beans_rust	0.5175055050603994	beans_angular_leaf_spot	0.37129286035207615	other_leaf	0.10880679457077286
beans	raw_photo-like	datasets\holdout_farmer_style\beans_rust\beans_rust_10.jpg	disease	G7g_confident	beans	beans_rust	True	False	False	False	False	False	False	False	False	0.6642628679532872	0.912186572360694	0.0005672153427056809	0.08722598036618698	1.3227499553052349	beans_rust	0.6642628679532872	beans_angular_leaf_spot	0.22267115392494286	other_leaf	0.08722598036618698
beans	raw_photo-like	datasets\holdout_farmer_style\beans_rust\beans_rust_12.jpg	disease	G7a_crop_total_focus_rescue	beans	beans_angular_leaf_spot	True	False	False	True	False	False	False	False	False	0.24629405722498995	0.43286451149175664	0.19815782296766726	0.3689638130548141	2.2898202951538758	other_leaf	0.3689638130548141	beans_angular_leaf_spot	0.24629405722498995	beans_rust	0.15414931988193428
beans	raw_photo-like	datasets\holdout_farmer_style\beans_rust\beans_rust_8.jpg	uncertain	G7c_entropy	beans	beans_rust	True	False	False	False	True	False	False	True	False	0.4726127907475617	0.8732757927893691	0.01772832733745991	0.10888639527919962	1.8839865388478918	beans_rust	0.4726127907475617	beans_angular_leaf_spot	0.2710127527474292	beans_healthy	0.12965024929437813
unknown	raw_photo-like	datasets\holdout_farmer_style\beans_rust\rust_rust10040.jpg	disease	G7g_confident	beans	beans_rust	True	False	False	False	False	False	False	False	False	0.9983693759892684	0.9994578895027826	1.1112120756949973e-05	0.0005115521651357506	0.019704768857793216	beans_rust	0.9983693759892684	beans_angular_leaf_spot	0.0009882437298800411	other_leaf	0.0005115521651357506
unknown	raw_photo-like	datasets\holdout_farmer_style\beans_rust\rust_rust10439.jpg	disease	G7g_confident	beans	beans_rust	True	False	False	False	False	False	False	False	False	0.9894029274570804	0.9955355514887048	6.044168631411959e-05	0.004381980782491652	0.10199146088039199	beans_rust	0.9894029274570804	other_leaf	0.004381980782491652	beans_angular_leaf_spot	0.0034053626477154215
unknown	raw_photo-like	datasets\holdout_farmer_style\beans_rust\rust_rust10600.jpg	disease	G7g_confident	beans	beans_rust	True	False	False	False	False	False	False	False	False	0.9871396380457529	0.9947526176270776	9.341612186721764e-05	0.005120963494508766	0.1178700827107638	beans_rust	0.9871396380457529	beans_angular_leaf_spot	0.006339281088730074	other_leaf	0.005120963494508766
unknown	raw_photo-like	datasets\holdout_farmer_style\beans_rust\rust_rust10811.jpg	disease	G7g_confident	beans	beans_rust	True	False	False	False	False	False	False	False	False	0.993305950130356	0.995904475924383	6.71647600968967e-05	0.0040062470109684415	0.06631771349328634	beans_rust	0.993305950130356	other_leaf	0.0040062470109684415	beans_healthy	0.002386146392524671
unknown	raw_photo-like	datasets\holdout_farmer_style\beans_rust\rust_rust10845.jpg	disease	G7g_confident	beans	beans_rust	True	False	False	False	False	False	False	False	False	0.9665452588527612	0.9845347167471489	0.00011338962606706474	0.015310894189437025	0.2501625265061099	beans_rust	0.9665452588527612	beans_healthy	0.017388558726172676	other_leaf	0.015310894189437025
unknown	raw_photo-like	datasets\holdout_farmer_style\beans_rust\rust_rust10888.jpg	disease	G7g_confident	beans	beans_rust	True	False	False	False	False	False	False	False	False	0.9664986763779373	0.990696488877168	4.212801668428553e-05	0.0092398515752122	0.24911635473608001	beans_rust	0.9664986763779373	beans_angular_leaf_spot	0.022680727363687255	other_leaf	0.0092398515752122
unknown	raw_photo-like	datasets\holdout_farmer_style\beans_rust\rust_rust11187.jpg	disease	G7g_confident	beans	beans_rust	True	False	False	False	False	False	False	False	False	0.9961288402092581	0.9979629071722719	2.2120127422199787e-05	0.0019927981140423832	0.042044213428992484	beans_rust	0.9961288402092581	other_leaf	0.0019927981140423832	beans_angular_leaf_spot	0.001550807606374373
unknown	raw_photo-like	datasets\holdout_farmer_style\beans_rust\rust_rust11425.jpg	disease	G7g_confident	beans	beans_rust	True	False	False	False	False	False	False	False	False	0.9988474834092144	0.9993892641601347	1.1117426759731115e-05	0.000580162916276681	0.014475488462337802	beans_rust	0.9988474834092144	other_leaf	0.000580162916276681	beans_angular_leaf_spot	0.0005195912622879334
unknown	raw_photo-like	datasets\holdout_farmer_style\beans_rust\rust_rust11542.jpg	disease	G7g_confident	beans	beans_rust	True	False	False	False	False	False	False	False	False	0.9932673300730298	0.9976007592882913	1.1055694584272902e-05	0.0023669466557070485	0.06740083060712553	beans_rust	0.9932673300730298	beans_angular_leaf_spot	0.0037528151897186198	other_leaf	0.0023669466557070485
unknown	raw_photo-like	datasets\holdout_farmer_style\beans_rust\rust_rust1156.jpg	disease	G7g_confident	beans	beans_rust	True	False	False	False	False	False	False	False	False	0.9977721834612976	0.9989075096828227	1.11054922301471e-05	0.0010612615572337598	0.02613146446962942	beans_rust	0.9977721834612976	other_leaf	0.0010612615572337598	beans_angular_leaf_spot	0.0009391735530550908
unknown	raw_photo-like	datasets\holdout_farmer_style\beans_rust\rust_rust1182.jpg	disease	G7g_confident	beans	beans_rust	True	False	False	False	False	False	False	False	False	0.9906742532457856	0.9954126737974341	1.1027196445588405e-05	0.004556953524061491	0.0872527392872579	beans_rust	0.9906742532457856	other_leaf	0.004556953524061491	beans_healthy	0.004521504535817316
unknown	raw_photo-like	datasets\holdout_farmer_style\beans_rust\rust_rust11877.jpg	disease	G7g_confident	beans	beans_rust	True	False	False	False	False	False	False	False	False	0.9975620889740647	0.9991250950126124	1.110317220141243e-05	0.0008443712638341115	0.027695136590133257	beans_rust	0.9975620889740647	beans_angular_leaf_spot	0.001489369953994237	other_leaf	0.0008443712638341115
unknown	raw_photo-like	datasets\holdout_farmer_style\beans_rust\rust_rust12111.jpg	disease	G7g_confident	beans	beans_rust	True	False	False	False	False	False	False	False	False	0.9732261671663346	0.9870739281548387	0.00045553998231624216	0.012445976575767879	0.22154538069668075	beans_rust	0.9732261671663346	other_leaf	0.012445976575767879	beans_healthy	0.008857620792373507
unknown	raw_photo-like	datasets\holdout_farmer_style\beans_rust\rust_rust12118.jpg	disease	G7g_confident	beans	beans_rust	True	False	False	False	False	False	False	False	False	0.8492594312152979	0.9389660161963688	0.011603285291714916	0.04905565073239832	0.8449852423141191	beans_rust	0.8492594312152979	beans_angular_leaf_spot	0.08448175759534289	other_leaf	0.04905565073239832
unknown	raw_photo-like	datasets\holdout_farmer_style\beans_rust\rust_rust12271.jpg	disease	G7g_confident	beans	beans_rust	True	False	False	False	False	False	False	False	False	0.9535768970367731	0.958748350412471	4.835083159827666e-05	0.041182029914835674	0.30049314505395996	beans_rust	0.9535768970367731	other_leaf	0.041182029914835674	beans_angular_leaf_spot	0.0026982120385373185
unknown	raw_photo-like	datasets\holdout_farmer_style\beans_rust\rust_rust12298.jpg	disease	G7g_confident	beans	beans_rust	True	False	False	False	False	False	False	False	False	0.9959868962389304	0.9978256638200574	2.0205456397672856e-05	0.0021319592838463094	0.043544896506595335	beans_rust	0.9959868962389304	other_leaf	0.0021319592838463094	beans_angular_leaf_spot	0.0014390466877065209
unknown	raw_photo-like	datasets\holdout_farmer_style\beans_rust\rust_rust12672.jpg	disease	G7g_confident	beans	beans_rust	True	False	False	False	False	False	False	False	False	0.9990322686812141	0.9993051160601557	1.1962613185893439e-05	0.0006634622370347967	0.012395686156141844	beans_rust	0.9990322686812141	other_leaf	0.0006634622370347967	beans_angular_leaf_spot	0.00022324418402092287
unknown	raw_photo-like	datasets\holdout_farmer_style\beans_rust\rust_rust13271.jpg	disease	G7g_confident	beans	beans_rust	True	False	False	False	False	False	False	False	False	0.999851179270782	0.9999062744795778	1.1128581198751177e-05	6.312192212564126e-05	0.002492587153023954	beans_rust	0.999851179270782	other_leaf	6.312192212564126e-05	beans_healthy	3.38703945894014e-05
unknown	raw_photo-like	datasets\holdout_farmer_style\beans_rust\rust_rust13311.jpg	disease	G7g_confident	beans	beans_rust	True	False	False	False	False	False	False	False	False	0.9752344992830584	0.9907182589595142	0.0012466339728105784	0.0075173351307882596	0.21721252783295178	beans_rust	0.9752344992830584	beans_healthy	0.007931285114213664	beans_angular_leaf_spot	0.0075524745622421
unknown	raw_photo-like	datasets\holdout_farmer_style\beans_rust\rust_rust14183.jpg	disease	G7g_confident	beans	beans_rust	True	False	False	False	False	False	False	False	False	0.9663650459158558	0.978087379399405	0.0031231835509915934	0.016857635546220752	0.2838429837292944	beans_rust	0.9663650459158558	other_leaf	0.016857635546220752	beans_angular_leaf_spot	0.006506681642110273
unknown	raw_photo-like	datasets\holdout_farmer_style\beans_rust\rust_rust14505.jpg	disease	G7g_confident	beans	beans_rust	True	False	False	False	False	False	False	False	False	0.9795652468785813	0.9915032185851054	5.253290559386504e-05	0.00842516432162192	0.17612926133498155	beans_rust	0.9795652468785813	other_leaf	0.00842516432162192	beans_healthy	0.007368016552216157
unknown	raw_photo-like	datasets\holdout_farmer_style\beans_rust\rust_rust14847.jpg	disease	G7g_confident	beans	beans_rust	True	False	False	False	False	False	False	False	False	0.9970670157991538	0.9978138147276266	1.109770083902853e-05	0.0021536179662560483	0.032293779603283	beans_rust	0.9970670157991538	other_leaf	0.0021536179662560483	beans_angular_leaf_spot	0.0005402618458208342
unknown	raw_photo-like	datasets\holdout_farmer_style\beans_rust\rust_rust14874.jpg	disease	G7g_confident	beans	beans_rust	True	False	False	False	False	False	False	False	False	0.9984526222115866	0.9991503534263678	1.1113041421953548e-05	0.0008190857097211363	0.019081512601966805	beans_rust	0.9984526222115866	other_leaf	0.0008190857097211363	beans_healthy	0.0005192538149815711
unknown	raw_photo-like	datasets\holdout_farmer_style\beans_rust\rust_rust14875.jpg	disease	G7g_confident	beans	beans_rust	True	False	False	False	False	False	False	False	False	0.9993019176381284	0.9994374737498241	1.112247588900987e-05	0.000531939441481257	0.009228769670289247	beans_rust	0.9993019176381284	other_leaf	0.000531939441481257	beans_healthy	8.365997636185121e-05
unknown	raw_photo-like	datasets\holdout_farmer_style\beans_rust\rust_rust15012.jpg	disease	G7g_confident	beans	beans_rust	True	False	False	False	False	False	False	False	False	0.9896414198986183	0.9961578630729021	7.880195134859119e-05	0.003741303259130745	0.09619707227888044	beans_rust	0.9896414198986183	beans_healthy	0.006091849860180663	other_leaf	0.003741303259130745
unknown	raw_photo-like	datasets\holdout_farmer_style\beans_rust\rust_rust154.jpg	disease	G7g_confident	beans	beans_rust	True	False	False	False	False	False	False	False	False	0.999885614760709	0.9999283619141137	1.1128964473936241e-05	4.1033433582666175e-05	0.001972663525366166	beans_rust	0.999885614760709	other_leaf	4.1033433582666175e-05	beans_healthy	3.696691753528797e-05
unknown	raw_photo-like	datasets\holdout_farmer_style\beans_rust\rust_rust15514.jpg	disease	G7g_confident	beans	beans_rust	True	False	False	False	False	False	False	False	False	0.9945691580553014	0.9973327086366228	2.4119976666398998e-05	0.0026203840377800477	0.05734051745117416	beans_rust	0.9945691580553014	other_leaf	0.0026203840377800477	beans_angular_leaf_spot	0.0014857010389431945
unknown	raw_photo-like	datasets\holdout_farmer_style\beans_rust\rust_rust15594.jpg	disease	G7g_confident	beans	beans_rust	True	False	False	False	False	False	False	False	False	0.999149669135678	0.9996660853752747	1.1120781325767518e-05	0.0003033324760796272	0.011411288535763911	beans_rust	0.999149669135678	beans_angular_leaf_spot	0.0003754178940206171	other_leaf	0.0003033324760796272
unknown	raw_photo-like	datasets\holdout_farmer_style\beans_rust\rust_rust15679.jpg	disease	G7g_confident	beans	beans_rust	True	False	False	False	False	False	False	False	False	0.8800398333670468	0.9644429080354089	4.3174597491866154e-05	0.03549419148772121	0.7096702896108311	beans_rust	0.8800398333670468	beans_healthy	0.059073858460570616	other_leaf	0.03549419148772121
unknown	raw_photo-like	datasets\holdout_farmer_style\beans_rust\rust_rust16481.jpg	disease	G7g_confident	beans	beans_rust	True	False	False	False	False	False	False	False	False	0.9994818865133492	0.9996635313390632	1.1875059719186028e-05	0.0003023446535578305	0.0073433464094327695	beans_rust	0.9994818865133492	other_leaf	0.0003023446535578305	beans_healthy	9.12130913904214e-05
unknown	raw_photo-like	datasets\holdout_farmer_style\beans_rust\rust_rust168.jpg	disease	G7g_confident	beans	beans_rust	True	False	False	False	False	False	False	False	False	0.9996051566558406	0.9998047650699148	1.1125845119096735e-05	0.000164638856007211	0.005848401112211245	beans_rust	0.9996051566558406	other_leaf	0.000164638856007211	beans_angular_leaf_spot	0.00012314644185181306
unknown	raw_photo-like	datasets\holdout_farmer_style\beans_rust\rust_rust17270.jpg	disease	G7g_confident	beans	beans_rust	True	False	False	False	False	False	False	False	False	0.9544478817299725	0.9666643473344761	0.0007809070681080158	0.03253346951952001	0.3241354793376541	beans_rust	0.9544478817299725	other_leaf	0.03253346951952001	beans_healthy	0.006163375548374827
unknown	raw_photo-like	datasets\holdout_farmer_style\beans_rust\rust_rust17315.jpg	disease	G7g_confident	beans	beans_rust	True	False	False	False	False	False	False	False	False	0.9974327521811085	0.9991504144217843	1.110172602599652e-05	0.0008190558316436008	0.029752981607417302	beans_rust	0.9974327521811085	beans_angular_leaf_spot	0.0013347999607610723	other_leaf	0.0008190558316436008
unknown	raw_photo-like	datasets\holdout_farmer_style\beans_rust\rust_rust17434.jpg	disease	G7g_confident	beans	beans_rust	True	False	False	False	False	False	False	False	False	0.9972042331032112	0.9986544005525112	1.9876208457254107e-05	0.001299792161480403	0.03241572847766964	beans_rust	0.9972042331032112	other_leaf	0.001299792161480403	beans_healthy	0.0007865729521002456
unknown	raw_photo-like	datasets\holdout_farmer_style\beans_rust\rust_rust17563.jpg	disease	G7g_confident	beans	beans_rust	True	False	False	False	False	False	False	False	False	0.9899368136067231	0.9945879098876016	0.0009199643703421845	0.003851764491483822	0.10430692006759848	beans_rust	0.9899368136067231	other_leaf	0.003851764491483822	beans_angular_leaf_spot	0.002565365013862175
unknown	raw_photo-like	datasets\holdout_farmer_style\beans_rust\rust_rust17700.jpg	disease	G7g_confident	beans	beans_rust	True	False	False	False	False	False	False	False	False	0.9998783308677628	0.9999174614666277	1.1128883402477032e-05	5.193410401523868e-05	0.0020814326418831662	beans_rust	0.9998783308677628	other_leaf	5.193410401523868e-05	beans_angular_leaf_spot	3.09226653611247e-05
unknown	raw_photo-like	datasets\holdout_farmer_style\beans_rust\rust_rust17733.jpg	disease	G7g_confident	beans	beans_rust	True	False	False	False	False	False	False	False	False	0.9973675926990982	0.9989243265251458	1.1100996370212997e-05	0.0010451457348358696	0.03077334657641936	beans_rust	0.9973675926990982	other_leaf	0.0010451457348358696	beans_angular_leaf_spot	0.0008473680563039052
unknown	raw_photo-like	datasets\holdout_farmer_style\beans_rust\rust_rust17870.jpg	disease	G7g_confident	beans	beans_rust	True	False	False	False	False	False	False	False	False	0.998295080181777	0.999163751480542	1.1111288673422495e-05	0.0008032257419075984	0.021021935072049924	beans_rust	0.998295080181777	other_leaf	0.0008032257419075984	beans_angular_leaf_spot	0.0004529909930463474
unknown	raw_photo-like	datasets\holdout_farmer_style\beans_rust\rust_rust18123.jpg	disease	G7g_confident	beans	beans_rust	True	False	False	False	False	False	False	False	False	0.9961401186451211	0.9982338706151767	2.8467957933141817e-05	0.0017049013534361302	0.042683163698097173	beans_rust	0.9961401186451211	other_leaf	0.0017049013534361302	beans_angular_leaf_spot	0.001520610385549394
unknown	raw_photo-like	datasets\holdout_farmer_style\beans_rust\rust_rust1858.jpg	disease	G7g_confident	beans	beans_rust	True	False	False	False	False	False	False	False	False	0.9999591703188795	0.9999647352104619	1.1129783164776128e-05	4.657885834681136e-06	0.0008089618113074706	beans_rust	0.9999591703188795	other_leaf	4.657885834681136e-06	banana_cordana	2.782445791194032e-06
unknown	raw_photo-like	datasets\holdout_farmer_style\beans_rust\rust_rust18587.jpg	disease	G7g_confident	beans	beans_rust	True	False	False	False	False	False	False	False	False	0.9998693622587992	0.9999199559835908	1.1128783579728246e-05	4.9439861564821967e-05	0.002209994572077904	beans_rust	0.9998693622587992	other_leaf	4.9439861564821967e-05	beans_healthy	4.4258017826897065e-05
unknown	raw_photo-like	datasets\holdout_farmer_style\beans_rust\rust_rust1880.jpg	disease	G7g_confident	beans	beans_rust	True	False	False	False	False	False	False	False	False	0.8419178482648279	0.8619353751081652	0.0020039106457964595	0.1360415772535444	0.7538024470823207	beans_rust	0.8419178482648279	other_leaf	0.1360415772535444	beans_healthy	0.011716245266021589
unknown	raw_photo-like	datasets\holdout_farmer_style\beans_rust\rust_rust19127.jpg	disease	G7g_confident	beans	beans_rust	True	False	False	False	False	False	False	False	False	0.9499101707673007	0.965227326425236	0.0020956637594641875	0.0326507310089447	0.3592043123260959	beans_rust	0.9499101707673007	other_leaf	0.0326507310089447	beans_healthy	0.009586237637348819
unknown	raw_photo-like	datasets\holdout_farmer_style\beans_rust\rust_rust19172.jpg	disease	G7g_confident	beans	beans_rust	True	False	False	False	False	False	False	False	False	0.9320248399408138	0.9571587461358962	0.00015510526292581713	0.04252858213790702	0.451314480268683	beans_rust	0.9320248399408138	other_leaf	0.04252858213790702	beans_angular_leaf_spot	0.01364386247672275
unknown	raw_photo-like	datasets\holdout_farmer_style\beans_rust\rust_rust19616.jpg	disease	G7g_confident	beans	beans_rust	True	False	False	False	False	False	False	False	False	0.9954720375451976	0.9962495288263811	1.1080114023521921e-05	0.0037200008600539285	0.045763415494822185	beans_rust	0.9954720375451976	other_leaf	0.0037200008600539285	beans_angular_leaf_spot	0.0005833406487629454
unknown	raw_photo-like	datasets\holdout_farmer_style\beans_rust\rust_rust19623.jpg	disease	G7g_confident	beans	beans_rust	True	False	False	False	False	False	False	False	False	0.9409179953169527	0.9739640160807254	0.0006319403703438924	0.025381131397159123	0.41149953807798356	beans_rust	0.9409179953169527	beans_angular_leaf_spot	0.026351204275014077	other_leaf	0.025381131397159123
unknown	raw_photo-like	datasets\holdout_farmer_style\beans_rust\rust_rust2375.jpg	disease	G7a_crop_total_focus_rescue	beans	beans_rust	True	False	False	True	False	False	False	False	False	0.291734025817819	0.35733340663978247	0.21849062086231968	0.3805369703264131	2.1852860825937457	other_leaf	0.3805369703264131	beans_rust	0.291734025817819	maize_common_rust	0.20375055587751834
unknown	raw_photo-like	datasets\holdout_farmer_style\beans_rust\rust_rust2526.jpg	disease	G7g_confident	beans	beans_rust	True	False	False	False	False	False	False	False	False	0.9986799748495861	0.9993831205356957	1.1115563819134516e-05	0.000586311663802111	0.016724994970929094	beans_rust	0.9986799748495861	other_leaf	0.000586311663802111	beans_angular_leaf_spot	0.0005085768141672246
unknown	raw_photo-like	datasets\holdout_farmer_style\beans_rust\rust_rust2574.jpg	disease	G7g_confident	beans	beans_rust	True	False	False	False	False	False	False	False	False	0.9442600802884501	0.9816896663301254	0.0005499389161837668	0.017739331912227534	0.3698017756100027	beans_rust	0.9442600802884501	beans_healthy	0.03686207179086645	other_leaf	0.017739331912227534
unknown	raw_photo-like	datasets\holdout_farmer_style\beans_rust\rust_rust2859.jpg	disease	G7g_confident	beans	beans_rust	True	False	False	False	False	False	False	False	False	0.956574716101483	0.9607328650197	0.01914612824918699	0.015933813703474325	0.3637585317717759	beans_rust	0.956574716101483	other_leaf	0.015933813703474325	banana_pestalotiopsis	0.012524679824806158
unknown	raw_photo-like	datasets\holdout_farmer_style\beans_rust\rust_rust3276.jpg	disease	G7g_confident	beans	beans_rust	True	False	False	False	False	False	False	False	False	0.9774030849748635	0.9875884777647119	0.0004712833851904984	0.011701800569772268	0.1940028918352615	beans_rust	0.9774030849748635	other_leaf	0.011701800569772268	beans_angular_leaf_spot	0.005405706331240723
unknown	raw_photo-like	datasets\holdout_farmer_style\beans_rust\rust_rust3485.jpg	disease	G7g_confident	beans	beans_rust	True	False	False	False	False	False	False	False	False	0.9983239713406301	0.9991432421782216	1.1111613919155571e-05	0.0008262008835008334	0.020367581704335766	beans_rust	0.9983239713406301	other_leaf	0.0008262008835008334	beans_angular_leaf_spot	0.0006855182490744192
unknown	raw_photo-like	datasets\holdout_farmer_style\beans_rust\rust_rust383.jpg	disease	G7g_confident	beans	beans_rust	True	False	False	False	False	False	False	False	False	0.8388698438881309	0.9488381537645199	0.0029688796011588	0.04360057005385476	0.9462614870821838	beans_rust	0.8388698438881309	beans_angular_leaf_spot	0.05867059575397077	beans_healthy	0.051297714122418195
unknown	raw_photo-like	datasets\holdout_farmer_style\beans_rust\rust_rust3898.jpg	disease	G7g_confident	beans	beans_rust	True	False	False	False	False	False	False	False	False	0.9391047733710559	0.9738776557882888	0.0011381343451782578	0.023553418595000788	0.43990437021852025	beans_rust	0.9391047733710559	beans_angular_leaf_spot	0.025057585960414956	other_leaf	0.023553418595000788
unknown	raw_photo-like	datasets\holdout_farmer_style\beans_rust\rust_rust3919.jpg	disease	G7g_confident	beans	beans_rust	True	False	False	False	False	False	False	False	False	0.9719686257439654	0.9848238018071607	7.889354389465037e-05	0.015037053762829334	0.22539512424751623	beans_rust	0.9719686257439654	other_leaf	0.015037053762829334	beans_healthy	0.008757887077097544
unknown	raw_photo-like	datasets\holdout_farmer_style\beans_rust\rust_rust4072.jpg	disease	G7g_confident	beans	beans_rust	True	False	False	False	False	False	False	False	False	0.9781315282884296	0.9921634490383006	0.0005224530661289481	0.007292318905125993	0.1890848103186065	beans_rust	0.9781315282884296	beans_angular_leaf_spot	0.008900549066980096	other_leaf	0.007292318905125993
unknown	raw_photo-like	datasets\holdout_farmer_style\beans_rust\rust_rust4089.jpg	disease	G7g_confident	beans	beans_rust	True	False	False	False	False	False	False	False	False	0.9490570285152348	0.974276257162746	0.00023164153320690242	0.025470947406815152	0.3684831492383648	beans_rust	0.9490570285152348	other_leaf	0.025470947406815152	beans_healthy	0.014639228322954907
maize	raw_photo-like	datasets\holdout_farmer_style\maize_healthy\maize_health_20260308_115709.jpg	uncertain	G7e_healthy_safety	maize	maize_healthy	True	False	False	False	True	False	False	False	False	0.7962070456808542	0.8075091523956875	0.06160979953446995	0.13032616063542804	0.9958336523340381	maize_healthy	0.7962070456808542	other_leaf	0.13032616063542804	banana_healthy	0.05887056906925699
maize	raw_photo-like	datasets\holdout_farmer_style\maize_healthy\maize_health_20260308_115752.jpg	healthy	G7g_confident	maize	maize_healthy	True	False	False	False	False	False	False	False	False	0.9631077421219486	0.9737055224982185	0.006678687545310735	0.019569304727112873	0.29927563535561236	maize_healthy	0.9631077421219486	other_leaf	0.019569304727112873	banana_healthy	0.005959538846124505
maize	raw_photo-like	datasets\holdout_farmer_style\maize_healthy\maize_health_20260308_120026.jpg	healthy	G7g_confident	maize	maize_healthy	True	False	False	False	False	False	False	False	False	0.8755817460898486	0.8802323618757774	0.05325120816332934	0.06614420189858625	0.7371378612831625	maize_healthy	0.8755817460898486	other_leaf	0.06614420189858625	banana_healthy	0.04663764788524511
maize	raw_photo-like	datasets\holdout_farmer_style\maize_healthy\maize_health_20260308_120204.jpg	healthy	G7g_confident	maize	maize_healthy	True	False	False	False	False	False	False	False	False	0.8589006084445462	0.859127177427738	0.08500903838331568	0.053857341077181584	0.76312817700321	maize_healthy	0.8589006084445462	banana_healthy	0.08186202086476349	other_leaf	0.053857341077181584
maize	raw_photo-like	datasets\holdout_farmer_style\maize_healthy\maize_health_20260308_120241.jpg	unsupported	G7a_crop_total	maize		True	False	False	True	False	False	False	False	False	0.0	0.567886594120785	0.27729847442447525	0.14758826403148234	1.8835385471396895	maize_healthy	0.5577389265568415	banana_healthy	0.19321147636915303	other_leaf	0.14758826403148234
maize	raw_photo-like	datasets\holdout_farmer_style\maize_healthy\maize_health_20260308_120312.jpg	uncertain	G7c_second_crop	maize	maize_healthy	True	False	False	False	True	False	True	False	False	0.6485442285572853	0.6577525674253609	0.2640293534325362	0.07696411365952514	1.5922497684124077	maize_healthy	0.6485442285572853	banana_healthy	0.20074010766848363	other_leaf	0.07696411365952514
maize	raw_photo-like	datasets\holdout_farmer_style\maize_healthy\maize_health_20260308_120856.jpg	healthy	G7g_confident	maize	maize_healthy	True	False	False	False	False	False	False	False	False	0.8967848338171296	0.9011662555964862	0.01436593798404015	0.08433045921586604	0.5808947301488111	maize_healthy	0.8967848338171296	other_leaf	0.08433045921586604	banana_healthy	0.012768103540988247
maize	raw_photo-like	datasets\holdout_farmer_style\maize_healthy\maize_health_20260308_121018.jpg	healthy	G7g_confident	maize	maize_healthy	True	False	False	False	False	False	False	False	False	0.9238309662189162	0.9266789327903079	0.007711861230287354	0.0655751640006282	0.4482407619298898	maize_healthy	0.9238309662189162	other_leaf	0.0655751640006282	banana_healthy	0.007340564492629058
maize	raw_photo-like	datasets\holdout_farmer_style\maize_healthy\maize_health_20260308_121019.jpg	healthy	G7g_confident	maize	maize_healthy	True	False	False	False	False	False	False	False	False	0.9129210416041554	0.9139239739493644	0.006201130924518306	0.07985079789628606	0.4692606621490405	maize_healthy	0.9129210416041554	other_leaf	0.07985079789628606	banana_healthy	0.006056150221351721
maize	raw_photo-like	datasets\holdout_farmer_style\maize_healthy\maize_health_20260308_121116.jpg	healthy	G7g_confident	maize	maize_healthy	True	False	False	False	False	False	False	False	False	0.8926079684326285	0.9095055524683902	0.029307199773498997	0.057651118349009864	0.7250140501887529	maize_healthy	0.8926079684326285	other_leaf	0.057651118349009864	banana_healthy	0.019303176828429854
maize	raw_photo-like	datasets\holdout_farmer_style\maize_healthy\maize_health_20260308_121253.jpg	healthy	G7g_confident	maize	maize_healthy	True	False	False	False	False	False	False	False	False	0.9492566462916471	0.9495530833554979	0.017753253782039437	0.03149917821551554	0.35375771327493083	maize_healthy	0.9492566462916471	other_leaf	0.03149917821551554	banana_healthy	0.016850307352547972
maize	raw_photo-like	datasets\holdout_farmer_style\maize_healthy\maize_health_20260308_122029.jpg	healthy	G7g_confident	maize	maize_healthy	True	False	False	False	False	False	False	False	False	0.9428077979882923	0.9430837932342859	0.008796999625165865	0.04808949103775093	0.3549822429351043	maize_healthy	0.9428077979882923	other_leaf	0.04808949103775093	banana_healthy	0.008760642137484497
maize	raw_photo-like	datasets\holdout_farmer_style\maize_healthy\maize_health_20260308_122038.jpg	healthy	G7g_confident	maize	maize_healthy	True	False	False	False	False	False	False	False	False	0.9624369776331382	0.9710498508559198	0.006119086548051782	0.02281392427791184	0.295913284780837	maize_healthy	0.9624369776331382	other_leaf	0.02281392427791184	maize_northern_leaf_blight	0.005517148269105738
maize	raw_photo-like	datasets\holdout_farmer_style\maize_healthy\maize_health_20260308_142051.jpg	healthy	G5b_preserve_focus_crop	potato	potato_healthy	True	False	True	False	False	False	False	False	False	0.00860259376099926	0.00860259376099926	0.2701220418329806	0.37077780492697865	2.207483382692717	other_leaf	0.37077780492697865	maize_healthy	0.3293666919006018	banana_healthy	0.14757322042031737
maize	raw_photo-like	datasets\holdout_farmer_style\maize_healthy\maize_health_20260308_142112.jpg	other_leaf	G5b_other_leaf_floor	maize		True	False	True	False	False	False	False	False	False	0.0	0.778307139768195	0.06784990209102214	0.1530581236180489	1.6822566095643485	maize_healthy	0.6414625421128913	other_leaf	0.1530581236180489	maize_northern_leaf_blight	0.09190865048808418
maize	raw_photo-like	datasets\holdout_farmer_style\maize_healthy\maize_health_20260308_142113.jpg	healthy	G5b_preserve_focus_crop	potato	potato_healthy	True	False	True	False	False	False	False	False	False	0.0032056268283547546	0.0032056268283547546	0.28803320772871605	0.3190594853155034	2.3736345114274426	other_leaf	0.3190594853155034	banana_healthy	0.2509661809405828	maize_healthy	0.24782735192978425
unknown	raw_photo-like	datasets\holdout_farmer_style\maize_healthy\pv_01c3bf88-d315-42a3-8fa1-fc80a05c97f1___R.S_HL 8189 copy.jpg	healthy	G7g_confident	maize	maize_healthy	True	False	False	False	False	False	False	False	False	0.9912092254377347	0.992573527004649	0.0037626251770497454	0.003647298404968067	0.0872152998894571	maize_healthy	0.9912092254377347	banana_healthy	0.003739231850238757	other_leaf	0.003647298404968067
unknown	raw_photo-like	datasets\holdout_farmer_style\maize_healthy\pv_02ab8d66-0385-43db-855a-ea5f8811ebd5___R.S_HL 7954 copy.jpg	healthy	G7g_confident	maize	maize_healthy	True	False	False	False	False	False	False	False	False	0.969557080964929	0.9782215957915451	0.010458127881547083	0.011304082757388088	0.25691667778355115	maize_healthy	0.969557080964929	other_leaf	0.011304082757388088	banana_healthy	0.009744905330538546
unknown	raw_photo-like	datasets\holdout_farmer_style\maize_healthy\pv_04ed222d-d287-4199-b412-f2f07c872bee___R.S_HL 8101 copy 2.jpg	healthy	G7g_confident	maize	maize_healthy	True	False	False	False	False	False	False	False	False	0.9982479481852492	0.9983515936398738	9.748277684982973e-05	0.0015342573985221456	0.020018634771157378	maize_healthy	0.9982479481852492	other_leaf	0.0015342573985221456	banana_healthy	8.914968447260255e-05
unknown	raw_photo-like	datasets\holdout_farmer_style\maize_healthy\pv_093cf670-66a2-4bc6-bdb5-0c3d2ea6dab2___R.S_HL 8302 copy.jpg	healthy	G7g_confident	maize	maize_healthy	True	False	False	False	False	False	False	False	False	0.9963375330287765	0.9965757665205126	0.0006711109330853123	0.0027364880927130343	0.03935915668986934	maize_healthy	0.9963375330287765	other_leaf	0.0027364880927130343	banana_healthy	0.0006223664883650968
unknown	raw_photo-like	datasets\holdout_farmer_style\maize_healthy\pv_098a17fd-0351-4f0f-a4a8-6f2a638b4afb___R.S_HL 7897 copy 2.jpg	healthy	G7g_confident	maize	maize_healthy	True	False	False	False	False	False	False	False	False	0.9985242938096375	0.9985361875342762	0.00048150589643709845	0.000965635806151894	0.017700351510112483	maize_healthy	0.9985242938096375	other_leaf	0.000965635806151894	banana_healthy	0.0004731705148696381
unknown	raw_photo-like	datasets\holdout_farmer_style\maize_healthy\pv_0a72d779-4df2-4365-9251-1733a1a1085c___R.S_HL 7992 copy 2.jpg	healthy	G7g_confident	maize	maize_healthy	True	False	False	False	False	False	False	False	False	0.9927373329753663	0.9929793407889499	0.0015859383144879282	0.005418080959511866	0.06960392824061046	maize_healthy	0.9927373329753663	other_leaf	0.005418080959511866	banana_healthy	0.0015677281636777304
unknown	raw_photo-like	datasets\holdout_farmer_style\maize_healthy\pv_0b03beed-0247-4d38-87ba-eb5b94415312___R.S_HL 8233 copy 2.jpg	healthy	G7g_confident	maize	maize_healthy	True	False	False	False	False	False	False	False	False	0.9984518688047582	0.9984866804231807	0.00026543261715798267	0.0012312173924425153	0.018219548139714038	maize_healthy	0.9984518688047582	other_leaf	0.0012312173924425153	banana_healthy	0.0002570978335488341
unknown	raw_photo-like	datasets\holdout_farmer_style\maize_healthy\pv_0b1610fa-438a-42e2-9ba2-274bb64a29ed___R.S_HL 8091 copy 2.jpg	healthy	G7g_confident	maize	maize_healthy	True	False	False	False	False	False	False	False	False	0.9836188324444219	0.9868193534073801	0.005633347288306253	0.00753087508170969	0.15068458953776148	maize_healthy	0.9836188324444219	other_leaf	0.00753087508170969	banana_healthy	0.0053309557133301815
unknown	raw_photo-like	datasets\holdout_farmer_style\maize_healthy\pv_0b799242-624f-46fb-acd3-a9352e8b4213___R.S_HL 8216 copy 2.jpg	healthy	G7g_confident	maize	maize_healthy	True	False	False	False	False	False	False	False	False	0.9951491061181736	0.9961417722048411	0.0015375516007957463	0.0023040615601675855	0.05300340873084674	maize_healthy	0.9951491061181736	other_leaf	0.0023040615601675855	banana_healthy	0.0014860767469591697
unknown	raw_photo-like	datasets\holdout_farmer_style\maize_healthy\pv_0d61ead9-f316-408e-88f5-fbecdfb11c1a___R.S_HL 8324 copy 3.jpg	healthy	G7g_confident	maize	maize_healthy	True	False	False	False	False	False	False	False	False	0.957231726577235	0.9603102842499466	0.025498253535434934	0.014164782170964231	0.31663025528014127	maize_healthy	0.957231726577235	banana_healthy	0.024872479654804595	other_leaf	0.014164782170964231
unknown	raw_photo-like	datasets\holdout_farmer_style\maize_healthy\pv_0f9d8b9a-a49d-4641-b956-dc0963d7b6da___R.S_HL 8148 copy 2.jpg	healthy	G7g_confident	maize	maize_healthy	True	False	False	False	False	False	False	False	False	0.941842764320017	0.9703966224379564	0.011316109767194943	0.018202446047022147	0.4434105921573098	maize_healthy	0.941842764320017	other_leaf	0.018202446047022147	maize_gray_leaf_spot	0.01576908107804215
unknown	raw_photo-like	datasets\holdout_farmer_style\maize_healthy\pv_0fdec9d5-d84a-45aa-94c5-9b66f192dd8c___R.S_HL 8019 copy 2.jpg	healthy	G7g_confident	maize	maize_healthy	True	False	False	False	False	False	False	False	False	0.9353740827374539	0.9378391160235614	0.01342361004287411	0.048719876834278475	0.412386617017166	maize_healthy	0.9353740827374539	other_leaf	0.048719876834278475	banana_healthy	0.013009965839590803
unknown	raw_photo-like	datasets\holdout_farmer_style\maize_healthy\pv_13b74f08-faed-40d7-8771-b1fc384e5e4a___R.S_HL 8259 copy 2.jpg	healthy	G7g_confident	maize	maize_healthy	True	False	False	False	False	False	False	False	False	0.98438196507962	0.9846124097182757	0.006998189874427162	0.008372962844824852	0.13362700650766884	maize_healthy	0.98438196507962	other_leaf	0.008372962844824852	banana_healthy	0.006989176250124215
unknown	raw_photo-like	datasets\holdout_farmer_style\maize_healthy\pv_13e5c719-6d18-4729-a090-7daf2014188a___R.S_HL 8152 copy 2.jpg	healthy	G7g_confident	maize	maize_healthy	True	False	False	False	False	False	False	False	False	0.9949470739697063	0.9949749470989299	0.001402673490865249	0.003605767974135426	0.05067874773305914	maize_healthy	0.9949470739697063	other_leaf	0.003605767974135426	banana_healthy	0.001394186581673893
unknown	raw_photo-like	datasets\holdout_farmer_style\maize_healthy\pv_154291fb-97ed-47ea-8323-ac0c099f54ec___R.S_HL 8041 copy 2.jpg	healthy	G7g_confident	maize	maize_healthy	True	False	False	False	False	False	False	False	False	0.9648010428299028	0.9674981289710081	0.012656739331762474	0.01974882873787728	0.2724995104862104	maize_healthy	0.9648010428299028	other_leaf	0.01974882873787728	banana_healthy	0.012126660558285988
unknown	raw_photo-like	datasets\holdout_farmer_style\maize_healthy\pv_15887cb9-7dcc-4839-ac67-a87cf2cec9c6___R.S_HL 5532 copy.jpg	healthy	G7g_confident	maize	maize_healthy	True	False	False	False	False	False	False	False	False	0.984782628571514	0.9854731340371194	0.0010141747693207179	0.013496245805933194	0.1243670742004765	maize_healthy	0.984782628571514	other_leaf	0.013496245805933194	banana_healthy	0.0009449518680605899
unknown	raw_photo-like	datasets\holdout_farmer_style\maize_healthy\pv_15ae6db6-3718-49bf-8b93-e0a3d692a3af___R.S_HL 7901 copy.jpg	healthy	G7g_confident	maize	maize_healthy	True	False	False	False	False	False	False	False	False	0.9720877598975911	0.9760186156130474	0.0026539825617504804	0.021311162721001125	0.2174392701814	maize_healthy	0.9720877598975911	other_leaf	0.021311162721001125	banana_healthy	0.0024842556525897916
unknown	raw_photo-like	datasets\holdout_farmer_style\maize_healthy\pv_16c3cff6-3abb-4af5-979a-9ab375e4a9b1___R.S_HL 5562 copy.jpg	healthy	G7g_confident	maize	maize_healthy	True	False	False	False	False	False	False	False	False	0.9891238276679964	0.9902066906991845	0.0030702760075492033	0.006706518085552577	0.1025091242310901	maize_healthy	0.9891238276679964	other_leaf	0.006706518085552577	banana_healthy	0.002964281007717429
unknown	raw_photo-like	datasets\holdout_farmer_style\maize_healthy\pv_18a8a550-10c1-47e0-8049-fba853f92918___R.S_HL 5497 copy.jpg	healthy	G7g_confident	maize	maize_healthy	True	False	False	False	False	False	False	False	False	0.9567490641120228	0.9569662019607811	0.02384731714900901	0.019170488507674926	0.30410806621398034	maize_healthy	0.9567490641120228	banana_healthy	0.023612968027979436	other_leaf	0.019170488507674926
unknown	raw_photo-like	datasets\holdout_farmer_style\maize_healthy\pv_191bcfb4-15b4-4ffe-8ebd-b540b52ed136___R.S_HL 8092 copy 2.jpg	healthy	G7g_confident	maize	maize_healthy	True	False	False	False	False	False	False	False	False	0.9679955400088921	0.9731498731096613	0.006775364524287967	0.01995012163741094	0.255121090902916	maize_healthy	0.9679955400088921	other_leaf	0.01995012163741094	banana_healthy	0.0064713387176709184
unknown	raw_photo-like	datasets\holdout_farmer_style\maize_healthy\pv_1921de47-d028-4212-ada1-bdcf8a16e52e___R.S_HL 8343 copy 3.jpg	healthy	G7g_confident	maize	maize_healthy	True	False	False	False	False	False	False	False	False	0.9806579969440815	0.9916967171893704	0.0017558431708896622	0.006521886881939903	0.17495884413107185	maize_healthy	0.9806579969440815	maize_gray_leaf_spot	0.007622386477547245	other_leaf	0.006521886881939903
unknown	raw_photo-like	datasets\holdout_farmer_style\maize_healthy\pv_193e6262-e589-4f7d-93b8-c707368ee3b0___R.S_HL 8262 copy.jpg	healthy	G7g_confident	maize	maize_healthy	True	False	False	False	False	False	False	False	False	0.9984696869696379	0.9985042244309409	0.0004544281646070056	0.001024677549688311	0.018363828668467225	maize_healthy	0.9984696869696379	other_leaf	0.001024677549688311	banana_healthy	0.00044598085741943776
unknown	raw_photo-like	datasets\holdout_farmer_style\maize_healthy\pv_1a168fd2-309d-48c9-8253-889361a7a30b___R.S_HL 8251 copy.jpg	healthy	G7g_confident	maize	maize_healthy	True	False	False	False	False	False	False	False	False	0.9992457775189122	0.9992646921094687	9.100279904639842e-05	0.0006276223116168434	0.009668163990391254	maize_healthy	0.9992457775189122	other_leaf	0.0006276223116168434	banana_healthy	8.26614091123445e-05
unknown	raw_photo-like	datasets\holdout_farmer_style\maize_healthy\pv_1e9a7e5a-0097-41bf-a3ac-e6fead20a83f___R.S_HL 8176 copy.jpg	healthy	G7g_confident	maize	maize_healthy	True	False	False	False	False	False	False	False	False	0.9816299267101801	0.9833959318237129	0.003922908438254356	0.012664766985949406	0.15659211646900634	maize_healthy	0.9816299267101801	other_leaf	0.012664766985949406	banana_healthy	0.003772137231042426
unknown	raw_photo-like	datasets\holdout_farmer_style\maize_healthy\pv_1f618ad4-7c33-4bfc-9054-f1acae89e776___R.S_HL 5504 copy.jpg	healthy	G7g_confident	maize	maize_healthy	True	False	False	False	False	False	False	False	False	0.9680584579523294	0.9723756548263698	0.0033482860435586795	0.024202306056730107	0.2440813427015802	maize_healthy	0.9680584579523294	other_leaf	0.024202306056730107	maize_gray_leaf_spot	0.003043337912402806
unknown	raw_photo-like	datasets\holdout_farmer_style\maize_healthy\pv_2255588b-9281-4d7e-959f-cff61f97eb6b___R.S_HL 0608 copy 2.jpg	healthy	G7g_confident	maize	maize_healthy	True	False	False	False	False	False	False	False	False	0.9517324367119477	0.9584645919612829	0.025299505601704447	0.016214914430039425	0.35822945422894387	maize_healthy	0.9517324367119477	banana_healthy	0.024794640336677474	other_leaf	0.016214914430039425
unknown	raw_photo-like	datasets\holdout_farmer_style\maize_healthy\pv_22e495d5-0daa-4cf6-8555-61f26d091b66___R.S_HL 8061 copy.jpg	healthy	G7g_confident	maize	maize_healthy	True	False	False	False	False	False	False	False	False	0.9967898286063749	0.9970337972480768	0.0003987803474192636	0.0025507804347376485	0.034660586492353075	maize_healthy	0.9967898286063749	other_leaf	0.0025507804347376485	banana_healthy	0.0003880218945812843
unknown	raw_photo-like	datasets\holdout_farmer_style\maize_healthy\pv_26f3cea7-cffe-4d2e-8e72-491a61653fb8___R.S_HL 0626 copy 3.jpg	healthy	G7g_confident	maize	maize_healthy	True	False	False	False	False	False	False	False	False	0.8770141998175549	0.8899272163709478	0.04054849234209218	0.06895590370006065	0.74549464538833	maize_healthy	0.8770141998175549	other_leaf	0.06895590370006065	banana_healthy	0.036464225124793234
unknown	raw_photo-like	datasets\holdout_farmer_style\maize_healthy\pv_270c2463-8d8d-48b2-a79e-c5319c5c1763___R.S_HL 8098 copy 2.jpg	healthy	G7g_confident	maize	maize_healthy	True	False	False	False	False	False	False	False	False	0.9968199873131492	0.9970330060849725	0.0005717904251618639	0.0023785610342187723	0.034686988426853096	maize_healthy	0.9968199873131492	other_leaf	0.0023785610342187723	banana_healthy	0.0005628471442323575
unknown	raw_photo-like	datasets\holdout_farmer_style\maize_healthy\pv_2900c66f-948b-48df-bfed-76f08a6af9ce___R.S_HL 7938 copy 2.jpg	healthy	G7g_confident	maize	maize_healthy	True	False	False	False	False	False	False	False	False	0.9900779435413766	0.9902254403339431	0.001370898485200866	0.008387129700263014	0.08756726432706166	maize_healthy	0.9900779435413766	other_leaf	0.008387129700263014	banana_healthy	0.0013624259269814129
unknown	raw_photo-like	datasets\holdout_farmer_style\maize_healthy\pv_2b1995cb-c5d5-47e7-b0cd-0ec7fa9c2996___R.S_HL 8001 copy.jpg	healthy	G7g_confident	maize	maize_healthy	True	False	False	False	False	False	False	False	False	0.995314434368457	0.9969382677314454	0.0003191124604022819	0.0027260023960900175	0.05070299990241092	maize_healthy	0.995314434368457	other_leaf	0.0027260023960900175	maize_northern_leaf_blight	0.001017360095512313
unknown	raw_photo-like	datasets\holdout_farmer_style\maize_healthy\pv_2dea9c22-b644-47f4-905b-ceaec13c929a___R.S_HL 0632 copy 4.jpg	healthy	G7g_confident	maize	maize_healthy	True	False	False	False	False	False	False	False	False	0.9165563315401781	0.9251596754441221	0.008793541951247602	0.06575200998696805	0.5158693907511848	maize_healthy	0.9165563315401781	other_leaf	0.06575200998696805	banana_healthy	0.005693416765451105
unknown	raw_photo-like	datasets\holdout_farmer_style\maize_healthy\pv_2e51c2f0-860b-48f7-81a7-4ae76e8db40b___R.S_HL 7877 copy.jpg	healthy	G7g_confident	maize	maize_healthy	True	False	False	False	False	False	False	False	False	0.9659589519355999	0.9659749751061704	0.007682827933222024	0.026326055321939205	0.24850063601383685	maize_healthy	0.9659589519355999	other_leaf	0.026326055321939205	banana_sigatoka	0.0053671462195494955
unknown	raw_photo-like	datasets\holdout_farmer_style\maize_healthy\pv_31ed2f01-16d4-4b0f-8e51-d2b3bf960921___R.S_HL 7987 copy.jpg	healthy	G7g_confident	maize	maize_healthy	True	False	False	False	False	False	False	False	False	0.9973095648029391	0.9974321593029821	0.00038672215466406973	0.0021644679482297623	0.029526855679908152	maize_healthy	0.9973095648029391	other_leaf	0.0021644679482297623	banana_healthy	0.00037839685760228685
unknown	raw_photo-like	datasets\holdout_farmer_style\maize_healthy\pv_32a1562a-00ca-4e01-b8fa-9bb9a964f2fe___R.S_HL 7984 copy.jpg	healthy	G7g_confident	maize	maize_healthy	True	False	False	False	False	False	False	False	False	0.9916065857464724	0.9931106106045274	0.0016359014917191313	0.005236931813252715	0.08309742214179361	maize_healthy	0.9916065857464724	other_leaf	0.005236931813252715	banana_healthy	0.0015834476812346128
unknown	raw_photo-like	datasets\holdout_farmer_style\maize_healthy\pv_338fab57-bf99-437b-8c86-6856d2e7bcb5___R.S_HL 8059 copy.jpg	healthy	G7g_confident	maize	maize_healthy	True	False	False	False	False	False	False	False	False	0.9963474005632411	0.9964167016801386	0.0004897489802531885	0.0030769146749030697	0.0377425137747433	maize_healthy	0.9963474005632411	other_leaf	0.0030769146749030697	banana_healthy	0.0004812626112265359
unknown	raw_photo-like	datasets\holdout_farmer_style\maize_healthy\pv_34c6b5a7-11ce-4be0-a7ae-e906e548d557___R.S_HL 8256 copy.jpg	healthy	G7g_confident	maize	maize_healthy	True	False	False	False	False	False	False	False	False	0.9950985443111923	0.9951442690511367	0.0008947439848362685	0.003944372971530069	0.04871878025685868	maize_healthy	0.9950985443111923	other_leaf	0.003944372971530069	banana_healthy	0.0008864369885878342
unknown	raw_photo-like	datasets\holdout_farmer_style\maize_healthy\pv_37f6cdf3-3424-4ff9-8106-7840c506ddd8___R.S_HL 8166 copy.jpg	healthy	G7g_confident	maize	maize_healthy	True	False	False	False	False	False	False	False	False	0.9983970867138208	0.9984054210461967	0.0001874700383158877	0.0013904402507353723	0.018351239585897877	maize_healthy	0.9983970867138208	other_leaf	0.0013904402507353723	banana_healthy	0.00017913570593997
unknown	raw_photo-like	datasets\holdout_farmer_style\maize_healthy\pv_37fa5c5c-0c0b-4f9e-b3fa-f9fac95639a7___R.S_HL 8191 copy.jpg	healthy	G7g_confident	maize	maize_healthy	True	False	False	False	False	False	False	False	False	0.9972004158073258	0.9973011219306807	0.000541382025733638	0.0021408472706575753	0.03078065944949631	maize_healthy	0.9972004158073258	other_leaf	0.0021408472706575753	banana_healthy	0.0005182312622898562
unknown	raw_photo-like	datasets\holdout_farmer_style\maize_healthy\pv_384dee4e-f5d5-4c86-a3f8-279946157984___R.S_HL 8278 copy.jpg	healthy	G7g_confident	maize	maize_healthy	True	False	False	False	False	False	False	False	False	0.9612998288395401	0.9680685233041405	0.019868815074789735	0.012045140503681644	0.31651707231510307	maize_healthy	0.9612998288395401	banana_healthy	0.01611419838047462	other_leaf	0.012045140503681644
unknown	raw_photo-like	datasets\holdout_farmer_style\maize_healthy\pv_38eac1aa-9b93-4f9e-83c0-51f47a336fb4___R.S_HL 8195 copy 2.jpg	healthy	G7g_confident	maize	maize_healthy	True	False	False	False	False	False	False	False	False	0.9627216861694312	0.9658815573056034	0.015034707419638214	0.019066747469151813	0.2834644088887629	maize_healthy	0.9627216861694312	other_leaf	0.019066747469151813	banana_healthy	0.014867435411437365
unknown	raw_photo-like	datasets\holdout_farmer_style\maize_healthy\pv_3d233d54-4960-454c-b98e-2febc7019bba___R.S_HL 7944 copy.jpg	healthy	G7g_confident	maize	maize_healthy	True	False	False	False	False	False	False	False	False	0.9898504937449593	0.9914956651735652	0.0020514567447967483	0.006436350953297172	0.09830446043597749	maize_healthy	0.9898504937449593	other_leaf	0.006436350953297172	banana_healthy	0.0017432333138465645
unknown	raw_photo-like	datasets\holdout_farmer_style\maize_healthy\pv_3fcbe762-9784-4c0d-9e9a-30ce8a97502e___R.S_HL 0605 copy.jpg	healthy	G7g_confident	maize	maize_healthy	True	False	False	False	False	False	False	False	False	0.9540006345578805	0.9714809298004112	0.011731119098623871	0.016683482457890083	0.3697741061067178	maize_healthy	0.9540006345578805	other_leaf	0.016683482457890083	maize_gray_leaf_spot	0.010719610798176413
unknown	raw_photo-like	datasets\holdout_farmer_style\maize_healthy\pv_3fdabf59-5491-411c-b61e-c3fc0bbb3831___R.S_HL 8097 copy.jpg	healthy	G7g_confident	maize	maize_healthy	True	False	False	False	False	False	False	False	False	0.9987446517979407	0.9988683243942619	0.00013272065149706465	0.000982280519871174	0.01543693875693361	maize_healthy	0.9987446517979407	other_leaf	0.000982280519871174	banana_healthy	0.00012438343431223688
unknown	raw_photo-like	datasets\holdout_farmer_style\maize_healthy\pv_403c1b73-5eef-412c-9913-39909a5cedaf___R.S_HL 0636 copy 2.jpg	healthy	G7g_confident	maize	maize_healthy	True	False	False	False	False	False	False	False	False	0.9826495614044539	0.9827642898900891	0.0034516618972327637	0.013767638004239356	0.14101928622296264	maize_healthy	0.9826495614044539	other_leaf	0.013767638004239356	banana_healthy	0.003301115577754383
unknown	raw_photo-like	datasets\holdout_farmer_style\maize_healthy\pv_40e5e314-1484-40c0-8297-3efde6fb5e89___R.S_HL 0613 copy.jpg	healthy	G7g_confident	maize	maize_healthy	True	False	False	False	False	False	False	False	False	0.98310211628464	0.9885813111863015	0.0018935358635607108	0.009506990184293575	0.15272061236602147	maize_healthy	0.98310211628464	other_leaf	0.009506990184293575	maize_gray_leaf_spot	0.002908725018915957
unknown	raw_photo-like	datasets\holdout_farmer_style\maize_healthy\pv_4118e80c-13cb-44ce-9094-df129c141499___R.S_HL 8296 copy 2.jpg	healthy	G7g_confident	maize	maize_healthy	True	False	False	False	False	False	False	False	False	0.9955004427107035	0.9959216904567184	0.0016476022974271727	0.0024140867381707634	0.04843012209867868	maize_healthy	0.9955004427107035	other_leaf	0.0024140867381707634	banana_healthy	0.0016109127763072122
unknown	raw_photo-like	datasets\holdout_farmer_style\maize_healthy\pv_422a3a81-fd1c-404e-bda9-2f177d5eb2ec___R.S_HL 7988 copy 2.jpg	healthy	G7g_confident	maize	maize_healthy	True	False	False	False	False	False	False	False	False	0.9988736237838023	0.9989665669900428	0.00020342792406813397	0.000813328507116994	0.014190081058592695	maize_healthy	0.9988736237838023	other_leaf	0.000813328507116994	banana_healthy	0.00019508963468211875
unknown	raw_photo-like	datasets\holdout_farmer_style\maize_healthy\pv_43931e08-e92c-4c68-9334-b8554adb41fe___R.S_HL 8160 copy 2.jpg	healthy	G7g_confident	maize	maize_healthy	True	False	False	False	False	False	False	False	False	0.9498442684949865	0.9512819455353012	0.029979215811546712	0.018722956279307097	0.3503593570887033	maize_healthy	0.9498442684949865	banana_healthy	0.029328737534310145	other_leaf	0.018722956279307097
unknown	raw_photo-like	datasets\holdout_farmer_style\maize_healthy\pv_46277fc4-d989-4a82-ac74-719142e16f21___R.S_HL 7943 copy 2.jpg	healthy	G7g_confident	maize	maize_healthy	True	False	False	False	False	False	False	False	False	0.9945037888229439	0.9946508042259731	0.0022711635792132157	0.0030614281597438615	0.05588407056742369	maize_healthy	0.9945037888229439	other_leaf	0.0030614281597438615	banana_healthy	0.002259534928995806
unknown	raw_photo-like	datasets\holdout_farmer_style\maize_healthy\pv_4634067c-4205-49d6-adc6-94e34e71374b___R.S_HL 8341 copy 2.jpg	healthy	G7g_confident	maize	maize_healthy	True	False	False	False	False	False	False	False	False	0.9993539412480452	0.9994106360204967	6.531600887671761e-05	0.000507363389344639	0.00861954846456035	maize_healthy	0.9993539412480452	other_leaf	0.000507363389344639	banana_healthy	5.69737182357779e-05
unknown	raw_photo-like	datasets\holdout_farmer_style\maize_healthy\pv_49231c3a-0132-451e-820d-d3357618a3eb___R.S_HL 8019 copy.jpg	healthy	G7g_confident	maize	maize_healthy	True	False	False	False	False	False	False	False	False	0.9991754275695051	0.9991845430843559	0.00010617530090063109	0.0006926000049746617	0.010390332574866231	maize_healthy	0.9991754275695051	other_leaf	0.0006926000049746617	banana_healthy	9.783449601629858e-05
unknown	raw_photo-like	datasets\holdout_farmer_style\maize_healthy\pv_49ecc957-9ec7-45f7-a3c9-d1e63cf224df___R.S_HL 0607 copy 2.jpg	healthy	G7g_confident	maize	maize_healthy	True	False	False	False	False	False	False	False	False	0.9593670365015745	0.9662789519813322	0.015931695145020054	0.017767800556455188	0.33416676591063144	maize_healthy	0.9593670365015745	other_leaf	0.017767800556455188	banana_sigatoka	0.007073336495763133
unknown	raw_photo-like	datasets\holdout_farmer_style\maize_healthy\pv_4c32154e-bea7-4a62-bd5f-fa8e3cf14c20___R.S_HL 0609 copy 2.jpg	healthy	G7g_confident	maize	maize_healthy	True	False	False	False	False	False	False	False	False	0.9985170089819831	0.9985266314077957	0.00037921492243268276	0.001077483023843457	0.017623612664358475	maize_healthy	0.9985170089819831	other_leaf	0.001077483023843457	banana_healthy	0.0003708795994686632
unknown	raw_photo-like	datasets\holdout_farmer_style\maize_healthy\pv_4c8d1ae5-019c-45ef-9151-ed904f18ca00___R.S_HL 7909 copy.jpg	healthy	G7g_confident	maize	maize_healthy	True	False	False	False	False	False	False	False	False	0.9279523583067071	0.9292491205820785	0.03606173519479801	0.03467226276331405	0.4733126220977714	maize_healthy	0.9279523583067071	other_leaf	0.03467226276331405	banana_healthy	0.03290940059555945
unknown	raw_photo-like	datasets\holdout_farmer_style\maize_healthy\pv_4d603dbb-3e1e-4acd-ab00-8bdf858191a1___R.S_HL 5535 copy 3.jpg	healthy	G7g_confident	maize	maize_healthy	True	False	False	False	False	False	False	False	False	0.9544027068062212	0.9552050810229247	0.019414820641351208	0.025362784760333327	0.32653935718198146	maize_healthy	0.9544027068062212	other_leaf	0.025362784760333327	banana_healthy	0.01807713192584788
unknown	raw_photo-like	datasets\holdout_farmer_style\maize_healthy\pv_4da561ff-1720-4174-be49-d9680cc1cec3___R.S_HL 8321 copy 2.jpg	healthy	G7g_confident	maize	maize_healthy	True	False	False	False	False	False	False	False	False	0.9903725458294855	0.9921237813287492	0.0007849686696590494	0.007074714038470538	0.09081611327168777	maize_healthy	0.9903725458294855	other_leaf	0.007074714038470538	maize_gray_leaf_spot	0.0009734892043717997
unknown	raw_photo-like	datasets\holdout_farmer_style\maize_healthy\pv_5120c19c-8834-4b88-b406-f26c0784b74e___R.S_HL 0649 copy.jpg	healthy	G7g_confident	maize	maize_healthy	True	False	False	False	False	False	False	False	False	0.9837131652593256	0.9838616427905448	0.0032399159299998444	0.012882013806852456	0.1336233264839215	maize_healthy	0.9837131652593256	other_leaf	0.012882013806852456	banana_healthy	0.003209391791045011
unknown	raw_photo-like	datasets\holdout_farmer_style\maize_healthy\pv_5151362d-b000-4d78-86f3-5fa2109612a2___R.S_HL 7928 copy 2.jpg	healthy	G7g_confident	maize	maize_healthy	True	False	False	False	False	False	False	False	False	0.991310313352803	0.9921967860876736	0.002276762642240288	0.00550990000891736	0.08411881182324792	maize_healthy	0.991310313352803	other_leaf	0.00550990000891736	banana_healthy	0.002266991521480653
unknown	raw_photo-like	datasets\holdout_farmer_style\maize_healthy\pv_526e6386-1a1f-4ac3-a49b-770d588faf4f___R.S_HL 7961 copy 2.jpg	healthy	G7g_confident	maize	maize_healthy	True	False	False	False	False	False	False	False	False	0.9870859077350905	0.9873697032219162	0.0022069974930124074	0.010406816849094051	0.11063998537024954	maize_healthy	0.9870859077350905	other_leaf	0.010406816849094051	banana_healthy	0.002190547133791142
unknown	raw_photo-like	datasets\holdout_farmer_style\maize_healthy\pv_5307bb57-584b-4af3-a3a6-af59b60d1944___R.S_HL 0629 copy 3.jpg	healthy	G7g_confident	maize	maize_healthy	True	False	False	False	False	False	False	False	False	0.9887558229150043	0.9890208180975839	0.0020251915461269774	0.008937480695438751	0.10001992617915026	maize_healthy	0.9887558229150043	other_leaf	0.008937480695438751	banana_healthy	0.0017832192620159358
unknown	raw_photo-like	datasets\holdout_farmer_style\maize_healthy\pv_5467efda-f4ec-4f5e-94b8-8bc0fd19c7ac___R.S_HL 8148 copy.jpg	healthy	G7g_confident	maize	maize_healthy	True	False	False	False	False	False	False	False	False	0.9939562165753276	0.9955731466419897	0.0006746869047846237	0.003735571530636324	0.06290873984080579	maize_healthy	0.9939562165753276	other_leaf	0.003735571530636324	maize_northern_leaf_blight	0.0010334958794629636
unknown	raw_photo-like	datasets\holdout_farmer_style\maize_healthy\pv_54771de1-8262-4207-b15f-ad48a1362ea7___R.S_HL 8249 copy 2.jpg	healthy	G7g_confident	maize	maize_healthy	True	False	False	False	False	False	False	False	False	0.9970675353294918	0.9970839708064148	0.0011348809482689287	0.0017645016986134684	0.03214260002058432	maize_healthy	0.9970675353294918	other_leaf	0.0017645016986134684	banana_healthy	0.0011265576749176004
unknown	raw_photo-like	datasets\holdout_farmer_style\maize_healthy\pv_54d2d5bb-a3b0-4039-ad5a-2736e821ea8e___R.S_HL 7965 copy 2.jpg	healthy	G7g_confident	maize	maize_healthy	True	False	False	False	False	False	False	False	False	0.9972676431815236	0.99744064276626	0.00032872980540867464	0.00221397752970019	0.030008991385771008	maize_healthy	0.9972676431815236	other_leaf	0.00221397752970019	banana_healthy	0.0003178418242191361
unknown	raw_photo-like	datasets\holdout_farmer_style\maize_healthy\pv_56572312-831a-4242-91f0-31b816ade9d9___R.S_HL 8067 copy.jpg	healthy	G7g_confident	maize	maize_healthy	True	False	False	False	False	False	False	False	False	0.9420007448890626	0.944591968625784	0.034685216996314834	0.020707057233647026	0.4019788429323003	maize_healthy	0.9420007448890626	banana_healthy	0.032919271950711926	other_leaf	0.020707057233647026
unknown	raw_photo-like	datasets\holdout_farmer_style\maize_healthy\pv_56e3464d-39d5-4694-b34a-2af5866c949a___R.S_HL 5563 copy.jpg	healthy	G7g_confident	maize	maize_healthy	True	False	False	False	False	False	False	False	False	0.9439729451522954	0.9441667612351236	0.019722162307061468	0.03605651482333351	0.37259840575207426	maize_healthy	0.9439729451522954	other_leaf	0.03605651482333351	banana_healthy	0.01883210652558734
unknown	raw_photo-like	datasets\holdout_farmer_style\maize_healthy\pv_5b34f21e-9ae1-4213-80b1-b7dfc281e251___R.S_HL 5493 copy.jpg	healthy	G7g_confident	maize	maize_healthy	True	False	False	False	False	False	False	False	False	0.8499964326425037	0.9184250748112956	0.024396731085608258	0.055351299979338416	0.9233237997226803	maize_healthy	0.8499964326425037	other_leaf	0.055351299979338416	maize_northern_leaf_blight	0.04926438570446059
unknown	raw_photo-like	datasets\holdout_farmer_style\maize_healthy\pv_5cbf30da-f68e-444e-a68a-c7b8eb385421___R.S_HL 7902 copy.jpg	healthy	G7g_confident	maize	maize_healthy	True	False	False	False	False	False	False	False	False	0.9238533208552364	0.9318150932207789	0.028591893810762874	0.039492991191517425	0.5121749791234679	maize_healthy	0.9238533208552364	other_leaf	0.039492991191517425	banana_healthy	0.027168241468385642
unknown	raw_photo-like	datasets\holdout_farmer_style\maize_healthy\pv_5cea75f9-09bb-4840-8646-35fe12841bf3___R.S_HL 8127 copy.jpg	healthy	G7g_confident	maize	maize_healthy	True	False	False	False	False	False	False	False	False	0.9900633587907379	0.990338705519963	0.0006571746825762832	0.008987588380803026	0.08628804533762038	maize_healthy	0.9900633587907379	other_leaf	0.008987588380803026	banana_healthy	0.000641057324592824
unknown	raw_photo-like	datasets\holdout_farmer_style\maize_healthy\pv_5eedbe64-af14-4a60-97ba-2f75e9914d2a___R.S_HL 5541 copy 3.jpg	healthy	G7g_confident	maize	maize_healthy	True	False	False	False	False	False	False	False	False	0.9031360467815616	0.9051371443109939	0.03872586988442353	0.05596267472166872	0.5761375595616817	maize_healthy	0.9031360467815616	other_leaf	0.05596267472166872	banana_healthy	0.03790146502324614
unknown	raw_photo-like	datasets\holdout_farmer_style\maize_healthy\pv_5fb83fde-b027-465f-a126-f62ebf450be3___R.S_HL 5502 copy.jpg	healthy	G5b_preserve_focus_crop	beans	beans_healthy	True	False	True	False	False	False	False	False	False	0.015836180970879247	0.015836180970879247	0.06138020651515637	0.16010311322712864	1.3249780806425024	maize_healthy	0.7412248230088939	other_leaf	0.16010311322712864	banana_cordana	0.024772823026276133
unknown	raw_photo-like	datasets\holdout_farmer_style\maize_healthy\pv_600f5c3a-2156-4485-b74a-c14a16534706___R.S_HL 7958 copy.jpg	healthy	G7g_confident	maize	maize_healthy	True	False	False	False	False	False	False	False	False	0.996887450947333	0.9969464397268777	0.00018291518291295843	0.00285400145310572	0.03214960135129842	maize_healthy	0.996887450947333	other_leaf	0.00285400145310572	banana_healthy	0.00017297690214143776
unknown	raw_photo-like	datasets\holdout_farmer_style\maize_healthy\pv_602d933c-1e3f-4e3e-a408-760cc9d94be9___R.S_HL 8304 copy 2.jpg	unsupported	G7a_crop_total	maize		True	False	False	True	False	False	False	False	False	0.0	0.5619648293452209	0.34866430443530216	0.08686824404159915	2.215523329622943	maize_healthy	0.5055274155351046	banana_healthy	0.18492735796715484	banana_sigatoka	0.10578633016402966
unknown	raw_photo-like	datasets\holdout_farmer_style\maize_healthy\pv_61824665-0adc-4976-b974-5d604c2e1bec___R.S_HL 7949 copy.jpg	healthy	G7g_confident	maize	maize_healthy	True	False	False	False	False	False	False	False	False	0.9976865977652227	0.9977637619534045	0.00014951315486835473	0.00207006802049608	0.02520340945893617	maize_healthy	0.9976865977652227	other_leaf	0.00207006802049608	banana_healthy	0.00014118471925261142
unknown	raw_photo-like	datasets\holdout_farmer_style\maize_healthy\pv_61cbb621-c692-408b-810b-dd09d7d7e1bf___R.S_HL 8330 copy 3.jpg	healthy	G7g_confident	maize	maize_healthy	True	False	False	False	False	False	False	False	False	0.9998018941801519	0.9998102402051876	4.148370004767934e-05	0.00013158404469325004	0.003091369290926091	maize_healthy	0.9998018941801519	other_leaf	0.00013158404469325004	banana_healthy	3.313767501195751e-05
unknown	raw_photo-like	datasets\holdout_farmer_style\maize_healthy\pv_620e70fd-98d9-40c4-b9a9-803080d1d371___R.S_HL 7968 copy 2.jpg	healthy	G7g_confident	maize	maize_healthy	True	False	False	False	False	False	False	False	False	0.9624502165386263	0.9675186106745441	0.009997334861064173	0.022386208658565162	0.29457538216073037	maize_healthy	0.9624502165386263	other_leaf	0.022386208658565162	banana_healthy	0.008629139810942947
unknown	raw_photo-like	datasets\holdout_farmer_style\maize_healthy\pv_63067c56-0462-4548-9b58-ffec723a5875___R.S_HL 7915 copy.jpg	healthy	G7g_confident	maize	maize_healthy	True	False	False	False	False	False	False	False	False	0.9826414820165966	0.9852160905603226	0.0026049940317236582	0.01216250617760838	0.15007929785264154	maize_healthy	0.9826414820165966	other_leaf	0.01216250617760838	banana_healthy	0.002536030354775578
unknown	raw_photo-like	datasets\holdout_farmer_style\maize_healthy\pv_64bc2a39-3715-4de9-8fd7-453017c61517___R.S_HL 0639 copy 2.jpg	healthy	G7g_confident	maize	maize_healthy	True	False	False	False	False	False	False	False	False	0.8969091669671879	0.899526095647433	0.07955810756797789	0.0207774543292332	0.6366503636811066	maize_healthy	0.8969091669671879	banana_healthy	0.06861452704328601	other_leaf	0.0207774543292332
unknown	raw_photo-like	datasets\holdout_farmer_style\maize_healthy\pv_68d6e3a4-795c-4c01-8020-8d927ff82c49___R.S_HL 8220 copy.jpg	healthy	G7g_confident	maize	maize_healthy	True	False	False	False	False	False	False	False	False	0.9949004444084815	0.9961610289867399	0.00040032518270216306	0.0034220352280126456	0.05345984109852224	maize_healthy	0.9949004444084815	other_leaf	0.0034220352280126456	maize_northern_leaf_blight	0.0009442926958878262
unknown	raw_photo-like	datasets\holdout_farmer_style\maize_healthy\pv_690aa499-e65c-42a5-ac1a-2eeebeb9ee9f___R.S_HL 5554 copy 2.jpg	healthy	G7g_confident	maize	maize_healthy	True	False	False	False	False	False	False	False	False	0.9968380701620725	0.9973092546443797	0.0005321275817304804	0.002141975044997747	0.03538699620517067	maize_healthy	0.9968380701620725	other_leaf	0.002141975044997747	banana_healthy	0.0005238062172843205
unknown	raw_photo-like	datasets\holdout_farmer_style\maize_healthy\pv_6a380e65-c86d-44a4-a9d9-91ee9ab8cd69___R.S_HL 8124 copy 2.jpg	healthy	G7g_confident	maize	maize_healthy	True	False	False	False	False	False	False	False	False	0.9995811902004005	0.9995895343847281	8.67100270449054e-05	0.0003070672195715073	0.005872161485454876	maize_healthy	0.9995811902004005	other_leaf	0.0003070672195715073	banana_healthy	7.836584271726668e-05
unknown	raw_photo-like	datasets\holdout_farmer_style\maize_healthy\pv_6afc378d-e62e-4bf5-9f99-3efd664cd377___R.S_HL 8270 copy.jpg	healthy	G7g_confident	maize	maize_healthy	True	False	False	False	False	False	False	False	False	0.972377010301195	0.974432865316859	0.013822559238540257	0.01172833379590387	0.22152632996667515	maize_healthy	0.972377010301195	banana_healthy	0.013724915810435587	other_leaf	0.01172833379590387
unknown	raw_photo-like	datasets\holdout_farmer_style\maize_healthy\pv_6c6400e5-cbd1-496f-afae-e8e448ee5a39___R.S_HL 8028 copy 2.jpg	healthy	G7g_confident	maize	maize_healthy	True	False	False	False	False	False	False	False	False	0.9989655784278912	0.9990026957461985	0.00014582366100567847	0.0008348024788057145	0.012848359702197165	maize_healthy	0.9989655784278912	other_leaf	0.0008348024788057145	banana_healthy	0.00013748460401061385
unknown	raw_photo-like	datasets\holdout_farmer_style\maize_healthy\pv_6eb8d5db-f4ea-4337-a765-7dbf6b568ff3___R.S_HL 8342 copy.jpg	healthy	G7g_confident	maize	maize_healthy	True	False	False	False	False	False	False	False	False	0.9893971662612899	0.9900065939816521	0.0040697798121891145	0.0059071064936522515	0.09919071333123966	maize_healthy	0.9893971662612899	other_leaf	0.0059071064936522515	banana_healthy	0.004012783485942815
unknown	raw_photo-like	datasets\holdout_farmer_style\maize_healthy\pv_7399e301-9493-4e45-8674-aa1f676d6d92___R.S_HL 7900 copy 3.jpg	healthy	G7g_confident	maize	maize_healthy	True	False	False	False	False	False	False	False	False	0.9948649063301694	0.9954427288350985	0.0016774593245266253	0.0028632018696664696	0.05430371710623958	maize_healthy	0.9948649063301694	other_leaf	0.0028632018696664696	banana_healthy	0.001662599477344229
unknown	raw_photo-like	datasets\holdout_farmer_style\maize_healthy\pv_7784be50-f9e7-4268-aa17-80359bc7688a___R.S_HL 8231 copy.jpg	healthy	G7g_confident	maize	maize_healthy	True	False	False	False	False	False	False	False	False	0.964292237228168	0.9653772849068275	0.013417344585047345	0.02116653766540189	0.27266095251597694	maize_healthy	0.964292237228168	other_leaf	0.02116653766540189	banana_healthy	0.01186859633227447
unknown	raw_photo-like	datasets\holdout_farmer_style\maize_healthy\pv_79a3c505-b637-4ebb-b7e9-61f46bc0eb0b___R.S_HL 7922 copy.jpg	healthy	G7g_confident	maize	maize_healthy	True	False	False	False	False	False	False	False	False	0.995281316395982	0.9961824235617079	0.0004520475327732211	0.003348911977048429	0.04989432621774625	maize_healthy	0.995281316395982	other_leaf	0.003348911977048429	maize_gray_leaf_spot	0.00045303957312032477
unknown	raw_photo-like	datasets\holdout_farmer_style\maize_healthy\pv_7a326001-2b9c-4a22-a7d6-53b91e7d79f9___R.S_HL 8192 copy 2.jpg	healthy	G7g_confident	maize	maize_healthy	True	False	False	False	False	False	False	False	False	0.9717737560674915	0.9748797367343472	0.012281897986074868	0.012819958463023568	0.22810195914505224	maize_healthy	0.9717737560674915	other_leaf	0.012819958463023568	banana_healthy	0.012182006335609851
unknown	raw_photo-like	datasets\holdout_farmer_style\maize_healthy\pv_7b7d23f9-d59c-4602-a79c-2012ff6f8f7f___R.S_HL 8239 copy 2.jpg	healthy	G7g_confident	maize	maize_healthy	True	False	False	False	False	False	False	False	False	0.9261425137653253	0.929776423526321	0.019851808842791335	0.050339777613482996	0.4811640948729297	maize_healthy	0.9261425137653253	other_leaf	0.050339777613482996	banana_healthy	0.01508140331577469
unknown	raw_photo-like	datasets\holdout_farmer_style\maize_healthy\pv_7d9ba686-3d31-41d2-a078-588d1bcf3aee___R.S_HL 5555 copy 2.jpg	healthy	G7g_confident	maize	maize_healthy	True	False	False	False	False	False	False	False	False	0.892337782364585	0.9030180249973405	0.03477932666837781	0.055247148240414344	0.7274091306288165	maize_healthy	0.892337782364585	other_leaf	0.055247148240414344	banana_healthy	0.01626984818475107
unknown	raw_photo-like	datasets\holdout_farmer_style\maize_healthy\pv_83bfb1ea-c04f-4e9e-baff-396ae2b01fc3___R.S_HL 5537 copy.jpg	healthy	G7g_confident	maize	maize_healthy	True	False	False	False	False	False	False	False	False	0.9763593763986325	0.9789441104343584	0.00251665053893903	0.01852293086039964	0.18825884238103438	maize_healthy	0.9763593763986325	other_leaf	0.01852293086039964	banana_healthy	0.0023072108376692253
unknown	raw_photo-like	datasets\holdout_farmer_style\maize_healthy\pv_84d7e6fa-a943-4513-97d7-f0e7a0480db2___R.S_HL 0631 copy.jpg	healthy	G7g_confident	maize	maize_healthy	True	False	False	False	False	False	False	False	False	0.9627465934055887	0.9705679489312639	0.005525132043552623	0.023881266939939992	0.28732483287383787	maize_healthy	0.9627465934055887	other_leaf	0.023881266939939992	banana_healthy	0.005203668348190215
unknown	raw_photo-like	datasets\holdout_farmer_style\maize_healthy\pv_8700c11f-8e1b-4107-8554-00fa3e279805___R.S_HL 7974 copy.jpg	healthy	G7g_confident	maize	maize_healthy	True	False	False	False	False	False	False	False	False	0.9749749203888023	0.9802898826580104	0.00226709898225845	0.017426079569782493	0.20478280059239282	maize_healthy	0.9749749203888023	other_leaf	0.017426079569782493	maize_northern_leaf_blight	0.0028641727986829977
unknown	raw_photo-like	datasets\holdout_farmer_style\maize_healthy\pv_874dd6c4-2b34-4b55-b278-011d6fa3eede___R.S_HL 0607 copy.jpg	healthy	G7g_confident	maize	maize_healthy	True	False	False	False	False	False	False	False	False	0.974782318815983	0.9798354515840519	0.005723966895000423	0.014404380594482697	0.21359914200683894	maize_healthy	0.974782318815983	other_leaf	0.014404380594482697	banana_healthy	0.005167587335647639
unknown	raw_photo-like	datasets\holdout_farmer_style\maize_healthy\pv_8a18b631-169d-4623-9cab-24e243f47a64___R.S_HL 8256 copy 2.jpg	healthy	G7g_confident	maize	maize_healthy	True	False	False	False	False	False	False	False	False	0.9918214135792861	0.9936233923609276	0.002978240894336462	0.003381807282390663	0.08356080819753228	maize_healthy	0.9918214135792861	other_leaf	0.003381807282390663	banana_healthy	0.002902568842330716
unknown	raw_photo-like	datasets\holdout_farmer_style\maize_healthy\pv_8adb9e1d-8e13-4814-b06e-9a4dd1e000c6___R.S_HL 8282 copy.jpg	healthy	G7g_confident	maize	maize_healthy	True	False	False	False	False	False	False	False	False	0.9984257770380853	0.9984765648466417	0.00023010699708883036	0.0012766590224564272	0.018478352994715865	maize_healthy	0.9984257770380853	other_leaf	0.0012766590224564272	banana_healthy	0.0002217724301821439
unknown	raw_photo-like	datasets\holdout_farmer_style\maize_healthy\pv_8b6204cd-cbf2-43b0-90cc-255815f7beb7___R.S_HL 8156 copy.jpg	healthy	G7g_confident	maize	maize_healthy	True	False	False	False	False	False	False	False	False	0.9805280522271713	0.9809536849204538	0.002522990224098701	0.016504782526933773	0.15365745464193625	maize_healthy	0.9805280522271713	other_leaf	0.016504782526933773	banana_healthy	0.002402761003734801
unknown	raw_photo-like	datasets\holdout_farmer_style\maize_healthy\pv_8cdec02e-6273-452f-8681-1319a74d3698___R.S_HL 8185 copy 2.jpg	healthy	G7g_confident	maize	maize_healthy	True	False	False	False	False	False	False	False	False	0.9976026868504471	0.9976279897959233	0.0008864557074758318	0.0014688990604985264	0.02707535236755677	maize_healthy	0.9976026868504471	other_leaf	0.0014688990604985264	banana_healthy	0.0008781279894246548
unknown	raw_photo-like	datasets\holdout_farmer_style\maize_healthy\pv_8d68626c-c183-469b-8c91-3905b6e0bff9___R.S_HL 8151 copy.jpg	healthy	G7g_confident	maize	maize_healthy	True	False	False	False	False	False	False	False	False	0.9291937194189166	0.9462031222170995	0.010838398769982705	0.04285261990327418	0.4968613045003514	maize_healthy	0.9291937194189166	other_leaf	0.04285261990327418	maize_northern_leaf_blight	0.009308447411298945
unknown	raw_photo-like	datasets\holdout_farmer_style\maize_healthy\pv_965d2fb1-0fc2-46ff-86a6-3d72c176187f___R.S_HL 5550 copy 2.jpg	healthy	G7g_confident	maize	maize_healthy	True	False	False	False	False	False	False	False	False	0.9166717391162875	0.9596881831440872	0.010717510306689881	0.02955030987715173	0.5833853835752972	maize_healthy	0.9166717391162875	other_leaf	0.02955030987715173	maize_northern_leaf_blight	0.02206436791173223
unknown	raw_photo-like	datasets\holdout_farmer_style\maize_healthy\pv_99020386-3a33-4b62-b707-2986786393c3___R.S_HL 8200 copy.jpg	healthy	G7g_confident	maize	maize_healthy	True	False	False	False	False	False	False	False	False	0.8808016742517591	0.9026539896580255	0.06385793014170366	0.03332543449021892	0.7473548526847484	maize_healthy	0.8808016742517591	banana_healthy	0.06008825099159559	other_leaf	0.03332543449021892
unknown	raw_photo-like	datasets\holdout_farmer_style\maize_healthy\pv_994066d4-bb51-4aaf-8b52-03459d375a03___R.S_HL 8129 copy 2.jpg	healthy	G7g_confident	maize	maize_healthy	True	False	False	False	False	False	False	False	False	0.9816204490578149	0.9823784018437877	0.008326161324800053	0.0092790446285938	0.15703392081485879	maize_healthy	0.9816204490578149	other_leaf	0.0092790446285938	banana_healthy	0.008100563965838529
unknown	raw_photo-like	datasets\holdout_farmer_style\maize_healthy\pv_9b5d313a-6815-4b9d-ad5d-27114e767112___R.S_HL 8268 copy.jpg	healthy	G7g_confident	maize	maize_healthy	True	False	False	False	False	False	False	False	False	0.9940990294234475	0.9941849177755253	0.002594723624912178	0.0032037612848997967	0.06014718937906226	maize_healthy	0.9940990294234475	other_leaf	0.0032037612848997967	banana_healthy	0.0023611847069051604
unknown	raw_photo-like	datasets\holdout_farmer_style\maize_healthy\pv_9b75245d-d020-4508-a032-f7aa0e8d5589___R.S_HL 7995 copy 2.jpg	healthy	G7g_confident	maize	maize_healthy	True	False	False	False	False	False	False	False	False	0.9885169744107557	0.9896945310030708	0.0027049282993751936	0.007584035382375673	0.10642998148464329	maize_healthy	0.9885169744107557	other_leaf	0.007584035382375673	banana_healthy	0.002635791578814413
potato	raw_photo-like	datasets\holdout_farmer_style\potato_healthy\potato_health_20260308_113207.jpg	healthy	G7e_healthy_safety_focus_override	potato	potato_healthy	True	False	False	False	False	False	False	False	False	0.686247766363591	0.6964400661168506	0.10488496782710906	0.19865860155219825	1.3366015852226256	potato_healthy	0.686247766363591	other_leaf	0.19865860155219825	beans_healthy	0.0828053541549927
potato	raw_photo-like	datasets\holdout_farmer_style\potato_healthy\potato_health_20260308_113514.jpg	healthy	G7e_healthy_safety_focus_override	potato	potato_healthy	True	False	False	False	False	False	False	False	False	0.7129214829084364	0.7165022391173776	0.1370069839028172	0.14647406026765988	1.2705576879282665	potato_healthy	0.7129214829084364	other_leaf	0.14647406026765988	beans_healthy	0.11729388813819584
potato	raw_photo-like	datasets\holdout_farmer_style\potato_healthy\potato_health_20260308_113520.jpg	healthy	G7a_crop_total_focus_rescue	potato	potato_healthy	True	False	False	True	False	False	False	False	False	0.49571146314377385	0.49862582424497165	0.339405529431967	0.16195450868132794	1.8132628096493306	potato_healthy	0.49571146314377385	beans_healthy	0.23810632956477598	other_leaf	0.16195450868132794
potato	raw_photo-like	datasets\holdout_farmer_style\potato_healthy\potato_health_20260308_113531.jpg	healthy	G7e_healthy_safety_focus_override	potato	potato_healthy	True	False	False	False	False	False	False	False	False	0.6996228261271421	0.7037318776841659	0.12791556420075148	0.1683360412016278	1.303981400019777	potato_healthy	0.6996228261271421	other_leaf	0.1683360412016278	beans_healthy	0.10432650773991037
potato	raw_photo-like	datasets\holdout_farmer_style\potato_healthy\potato_health_20260308_113907.jpg	uncertain	G7c_entropy	potato	potato_healthy	True	False	False	False	True	False	False	True	False	0.5912215660753667	0.7254782293985527	0.12528498698905705	0.14918754125278028	1.817548864165454	potato_healthy	0.5912215660753667	other_leaf	0.14918754125278028	beans_healthy	0.11037716320697358
potato	raw_photo-like	datasets\holdout_farmer_style\potato_healthy\potato_health_20260308_113956.jpg	healthy	G7g_confident	potato	potato_healthy	True	False	False	False	False	False	False	False	False	0.7567284875082341	0.7579923527266079	0.08829809036669957	0.1536920021418248	1.0525286898255515	potato_healthy	0.7567284875082341	other_leaf	0.1536920021418248	beans_healthy	0.08693456003809955
potato	raw_photo-like	datasets\holdout_farmer_style\potato_healthy\potato_health_20260308_114018.jpg	healthy	G7e_healthy_safety_focus_override	potato	potato_healthy	True	False	False	False	False	False	False	False	False	0.7097656966253932	0.7174755935550088	0.120974928015879	0.16153277146086326	1.2579525513844707	potato_healthy	0.7097656966253932	other_leaf	0.16153277146086326	beans_healthy	0.1110611817018204
potato	raw_photo-like	datasets\holdout_farmer_style\potato_healthy\potato_health_20260308_114106.jpg	uncertain	G7c_entropy	potato	potato_healthy	True	False	False	False	True	False	False	True	False	0.48372149274629617	0.5236651729764992	0.2869241248676797	0.1893777512185319	1.905028969456729	potato_healthy	0.48372149274629617	beans_healthy	0.24185380794262926	other_leaf	0.1893777512185319
potato	raw_photo-like	datasets\holdout_farmer_style\potato_healthy\potato_health_20260308_114302.jpg	uncertain	G7c_entropy	potato	potato_healthy	True	False	False	False	True	False	False	True	False	0.5320906155079792	0.5706685780855574	0.25736924357412116	0.1719424481449612	1.8500101501620947	potato_healthy	0.5320906155079792	beans_healthy	0.19903294724327483	other_leaf	0.1719424481449612
potato	raw_photo-like	datasets\holdout_farmer_style\potato_healthy\potato_health_20260308_114728.jpg	uncertain	G7c_entropy	potato	potato_healthy	True	False	False	False	True	False	False	True	False	0.5361976966053339	0.5446299121119951	0.23837480505461336	0.21698018580725287	1.7721846844824607	potato_healthy	0.5361976966053339	other_leaf	0.21698018580725287	beans_healthy	0.12977918911734218
potato	raw_photo-like	datasets\holdout_farmer_style\potato_healthy\potato_health_20260308_114753.jpg	uncertain	G7c_entropy	potato	potato_healthy	True	False	False	False	True	False	False	True	False	0.6662706969586696	0.6969438579633431	0.14967653724625185	0.15324223214046848	1.5245024873452848	potato_healthy	0.6662706969586696	other_leaf	0.15324223214046848	beans_healthy	0.11255227017474664
potato	raw_photo-like	datasets\holdout_farmer_style\potato_healthy\potato_health_20260308_114824.jpg	uncertain	G7c_entropy	potato	potato_healthy	True	False	False	False	True	False	False	True	False	0.6547171254926705	0.6782049715134489	0.1673585034650774	0.15441365775539195	1.5201779313232349	potato_healthy	0.6547171254926705	other_leaf	0.15441365775539195	beans_healthy	0.13726723311328035
potato	raw_photo-like	datasets\holdout_farmer_style\potato_healthy\potato_health_20260308_114942.jpg	healthy	G7g_confident	potato	potato_healthy	True	False	False	False	False	False	False	False	False	0.8764264639158805	0.8837144760838915	0.04697106515565893	0.06929479287031645	0.7299958727157075	potato_healthy	0.8764264639158805	other_leaf	0.06929479287031645	beans_healthy	0.03946659681155918
potato	raw_photo-like	datasets\holdout_farmer_style\potato_healthy\potato_health_20260308_114946.jpg	healthy	G5_preserve_focus_crop	potato	potato_healthy	True	True	False	False	False	False	False	False	False	0.4286830415618666	0.4286830415618666	0.003621435731180428	0.5676792592871461	1.1105461980972722	other_leaf	0.5676792592871461	potato_healthy	0.4171273272682614	potato_early_blight	0.00697545575363482
potato	raw_photo-like	datasets\holdout_farmer_style\potato_healthy\potato_health_20260308_115022.jpg	healthy	G7g_confident	potato	potato_healthy	True	False	False	False	False	False	False	False	False	0.8744758123629216	0.8759802658709279	0.051725044704109595	0.07227504661386892	0.7052470709290081	potato_healthy	0.8744758123629216	other_leaf	0.07227504661386892	beans_healthy	0.04618134652283352
potato	raw_photo-like	datasets\holdout_farmer_style\potato_healthy\potato_health_20260308_115103.jpg	uncertain	G7c_entropy	potato	potato_healthy	True	False	False	False	True	False	False	True	False	0.5403264075845705	0.5467943349591372	0.17720671794405485	0.2759801336704263	1.6841699789720794	potato_healthy	0.5403264075845705	other_leaf	0.2759801336704263	beans_healthy	0.11526926220040823
potato	raw_photo-like	datasets\holdout_farmer_style\potato_healthy\potato_health_20260308_115134.jpg	healthy	G7g_confident	potato	potato_healthy	True	False	False	False	False	False	False	False	False	0.8886439643101292	0.8898064928491047	0.03270457410382539	0.07746899070991005	0.624200471144672	potato_healthy	0.8886439643101292	other_leaf	0.07746899070991005	beans_healthy	0.030098725966704914
potato	raw_photo-like	datasets\holdout_farmer_style\potato_healthy\potato_health_20260308_141522.jpg	uncertain	G7c_entropy	potato	potato_late_blight	True	False	False	False	True	False	False	True	False	0.38227579278978846	0.761002760171676	0.0768523177655012	0.16164561320568974	2.0552953357008104	potato_late_blight	0.38227579278978846	potato_healthy	0.32296099135590045	other_leaf	0.16164561320568974
potato	raw_photo-like	datasets\holdout_farmer_style\potato_healthy\potato_health_20260308_141607.jpg	uncertain	G7c_entropy	potato	potato_healthy	True	False	False	False	True	False	False	True	False	0.618059282026506	0.8010290263796569	0.08796237825231759	0.11095521537107511	1.6765457168743974	potato_healthy	0.618059282026506	potato_late_blight	0.15959779858039358	other_leaf	0.11095521537107511
unknown	raw_photo-like	datasets\holdout_farmer_style\potato_healthy\pv_046641c1-f837-49eb-b5f2-4109910a027c___RS_HL 1878.jpg	healthy	G7g_confident	potato	potato_healthy	True	False	False	False	False	False	False	False	False	0.7411618350822571	0.7558400963654169	8.856378385292117e-06	0.2441355485940235	0.9069060897383905	potato_healthy	0.7411618350822571	other_leaf	0.2441355485940235	potato_late_blight	0.014666454008310318
unknown	raw_photo-like	datasets\holdout_farmer_style\potato_healthy\pv_1106c3fc-92cb-41a6-a6c6-8f08b9b45108___RS_HL 1914.jpg	healthy	G7e_healthy_safety_focus_override	potato	potato_healthy	True	False	False	False	False	False	False	False	False	0.6229389063169236	0.6281534595131482	8.342603464324294e-06	0.37182359832732503	0.9960761484226669	potato_healthy	0.6229389063169236	other_leaf	0.37182359832732503	potato_late_blight	0.0052124675453584495
unknown	raw_photo-like	datasets\holdout_farmer_style\potato_healthy\pv_14484ea5-9c34-427c-abe4-2743265aced0___RS_HL 4204.jpg	healthy	G5_preserve_focus_crop	potato	potato_healthy	True	True	False	False	False	False	False	False	False	0.011863966335012962	0.011863966335012962	0.011863966335012962	0.9277586687536068	0.5270616358712753	other_leaf	0.9277586687536068	maize_northern_leaf_blight	0.027967162857027807	maize_gray_leaf_spot	0.022507394818726125
unknown	raw_photo-like	datasets\holdout_farmer_style\potato_healthy\pv_144d2475-21ab-4bdc-a67c-9672a9b711e6___RS_HL 5376.jpg	healthy	G7g_confident	potato	potato_healthy	True	False	False	False	False	False	False	False	False	0.7669076076719293	0.7982641500675172	8.970537635272098e-06	0.20171118095398588	0.9169666151595163	potato_healthy	0.7669076076719293	other_leaf	0.20171118095398588	potato_late_blight	0.03132442055827106
unknown	raw_photo-like	datasets\holdout_farmer_style\potato_healthy\pv_1a1184f8-c414-4ead-a4c4-41ae78e29a82___RS_HL 1971.jpg	healthy	G7e_healthy_safety_focus_override	potato	potato_healthy	True	False	False	False	False	False	False	False	False	0.6366788935595077	0.6389471121098149	8.407215846469066e-06	0.3610297680466073	0.9657385962191989	potato_healthy	0.6366788935595077	other_leaf	0.3610297680466073	potato_late_blight	0.0022661167463455755
unknown	raw_photo-like	datasets\holdout_farmer_style\potato_healthy\pv_20ac28d6-5708-4e31-8676-1b1979de094f___RS_HL 1735.jpg	healthy	G7g_confident	potato	potato_healthy	True	False	False	False	False	False	False	False	False	0.7282477342971382	0.7335484271020126	8.818257152912297e-06	0.26642732269081687	0.8821201193856834	potato_healthy	0.7282477342971382	other_leaf	0.26642732269081687	potato_late_blight	0.005298488240586258
unknown	raw_photo-like	datasets\holdout_farmer_style\potato_healthy\pv_23f1ab77-d664-49c4-92eb-41eb66c6d101___RS_HL 4169.jpg	healthy	G5_preserve_focus_crop	potato	potato_healthy	True	True	False	False	False	False	False	False	False	0.5832541048256431	0.5832541048256431	4.4419577893441186e-05	0.41668547935037287	1.1619236790980068	potato_healthy	0.5517669764093507	other_leaf	0.41668547935037287	potato_late_blight	0.030893280934342817
unknown	raw_photo-like	datasets\holdout_farmer_style\potato_healthy\pv_2d98cbc8-cbe6-423c-b2ab-3f7f8bcea5d5___RS_HL 1945.jpg	healthy	G7e_healthy_safety_focus_override	potato	potato_healthy	True	False	False	False	False	False	False	False	False	0.7068622783452253	0.7457941298313285	0.001175204043038328	0.2530123936417896	1.0520535334446948	potato_healthy	0.7068622783452253	other_leaf	0.2530123936417896	potato_late_blight	0.038687860550496854
unknown	raw_photo-like	datasets\holdout_farmer_style\potato_healthy\pv_2dee1571-ef6b-40ef-8c46-334e89aad3f1___RS_HL 1950.jpg	healthy	G7g_confident	potato	potato_healthy	True	False	False	False	False	False	False	False	False	0.7358091081160818	0.7589519075770812	8.791396786716233e-06	0.24102345038846865	0.9467103787883364	potato_healthy	0.7358091081160818	other_leaf	0.24102345038846865	potato_late_blight	0.0231369965569967
unknown	raw_photo-like	datasets\holdout_farmer_style\potato_healthy\pv_2e0b8b4b-e900-408b-b760-730690bbd382___RS_HL 1901.jpg	healthy	G7e_healthy_safety_focus_override	potato	potato_healthy	True	False	False	False	False	False	False	False	False	0.6370231096379594	0.6400530363342295	8.40383820511899e-06	0.3599238531107065	0.9708596915056108	potato_healthy	0.6370231096379594	other_leaf	0.3599238531107065	potato_late_blight	0.0030278257367187403
unknown	raw_photo-like	datasets\holdout_farmer_style\potato_healthy\pv_30937333-8898-4634-8c00-af57d3020ba6___RS_HL 1922.jpg	healthy	G5_preserve_focus_crop	potato	potato_healthy	True	True	False	False	False	False	False	False	False	0.5646249004982754	0.5646249004982754	8.173009071243654e-06	0.4353526237267789	1.0420794984689545	potato_healthy	0.5577404020872321	other_leaf	0.4353526237267789	potato_late_blight	0.0068762640054381196
unknown	raw_photo-like	datasets\holdout_farmer_style\potato_healthy\pv_415ac4a2-8f16-4052-880e-1e1f208965f0___RS_HL 1884.jpg	healthy	G7e_healthy_safety_focus_override	potato	potato_healthy	True	False	False	False	False	False	False	False	False	0.6607896725591302	0.6659602152335679	1.2645412348751364e-05	0.33401017255214155	0.9632725758862192	potato_healthy	0.6607896725591302	other_leaf	0.33401017255214155	potato_late_blight	0.005164872100941806
unknown	raw_photo-like	datasets\holdout_farmer_style\potato_healthy\pv_533abd3a-3e1d-42d0-ae9c-5189282b78af___RS_HL 5369.jpg	healthy	G7g_confident	potato	potato_healthy	True	False	False	False	False	False	False	False	False	0.7516580581699625	0.7660204807554399	8.923732762505217e-06	0.2339544407088901	0.8883392967112768	potato_healthy	0.7516580581699625	other_leaf	0.2339544407088901	potato_late_blight	0.014356159652156192
unknown	raw_photo-like	datasets\holdout_farmer_style\potato_healthy\pv_56ae1281-5ee5-4f2a-8678-c2e4491878c6___RS_HL 1869.jpg	healthy	G7g_confident	potato	potato_healthy	True	False	False	False	False	False	False	False	False	0.8509030580647768	0.8630489999273435	9.66795162117551e-06	0.13692441320569826	0.6688322091164981	potato_healthy	0.8509030580647768	other_leaf	0.13692441320569826	potato_late_blight	0.012140453847130531
unknown	raw_photo-like	datasets\holdout_farmer_style\potato_healthy\pv_5df30492-0b54-474d-8883-bba9474ca88f___RS_HL 1801.jpg	healthy	G7g_confident	potato	potato_healthy	True	False	False	False	False	False	False	False	False	0.7655910166654527	0.7927614792813765	0.0001458481427004234	0.20707472647347444	0.9100163094301765	potato_healthy	0.7655910166654527	other_leaf	0.20707472647347444	potato_late_blight	0.027065272793371314
unknown	raw_photo-like	datasets\holdout_farmer_style\potato_healthy\pv_71c06efe-089f-49b3-beed-095bd7640e32___RS_HL 1947.jpg	healthy	G7e_healthy_safety_focus_override	potato	potato_healthy	True	False	False	False	False	False	False	False	False	0.6769161345920126	0.716917424076901	4.682647329208342e-05	0.2830171346616585	1.0844343069139168	potato_healthy	0.6769161345920126	other_leaf	0.2830171346616585	potato_late_blight	0.03988179157237759
unknown	raw_photo-like	datasets\holdout_farmer_style\potato_healthy\pv_799b10e8-ba67-4e08-9abe-748789572ad1___RS_HL 1881.jpg	healthy	G5_preserve_focus_crop	potato	potato_healthy	True	True	False	False	False	False	False	False	False	0.3246963974679355	0.3246963974679355	8.56536341563643e-06	0.6752792474458656	0.9249982620620028	other_leaf	0.6752792474458656	potato_healthy	0.3230290333143823	potato_late_blight	0.0016652228126992853
unknown	raw_photo-like	datasets\holdout_farmer_style\potato_healthy\pv_b28c43f9-5844-4e9b-86bf-36bc114cae07___RS_HL 1736.jpg	healthy	G7e_healthy_safety_focus_override	potato	potato_healthy	True	False	False	False	False	False	False	False	False	0.6372491273253473	0.6500504292397828	1.8416990054543815e-05	0.3499143528477349	1.0254951404052024	potato_healthy	0.6372491273253473	other_leaf	0.3499143528477349	potato_late_blight	0.012799172517318796
unknown	raw_photo-like	datasets\holdout_farmer_style\potato_healthy\pv_b925ad3e-fc49-497d-a6eb-115f0de20800___RS_HL 4170.jpg	healthy	G7e_healthy_safety_focus_override	potato	potato_healthy	True	False	False	False	False	False	False	False	False	0.6748967069084526	0.7266317106155336	8.335550000195377e-06	0.2733453666219658	1.1235255670995148	potato_healthy	0.6748967069084526	other_leaf	0.2733453666219658	potato_late_blight	0.0506285977918301
unknown	raw_photo-like	datasets\holdout_farmer_style\potato_healthy\pv_bf2bffbb-cd8f-4d36-bd58-847808397c75___RS_HL 1786.jpg	healthy	G7g_confident	potato	potato_healthy	True	False	False	False	False	False	False	False	False	0.8039389148913619	0.8107310912501194	9.31094700387498e-06	0.18924330364562	0.7570428028701478	potato_healthy	0.8039389148913619	other_leaf	0.18924330364562	potato_late_blight	0.006789848622006509
unknown	raw_photo-like	datasets\holdout_farmer_style\potato_healthy\pv_c3caa84b-6078-4489-80ac-919d92d25ff7___RS_HL 1772.jpg	healthy	G7g_confident	potato	potato_healthy	True	False	False	False	False	False	False	False	False	0.7333278426608503	0.739614809511766	8.843468693557752e-06	0.2603608709493266	0.8800753404389184	potato_healthy	0.7333278426608503	other_leaf	0.2603608709493266	potato_late_blight	0.006284755983742337
unknown	raw_photo-like	datasets\holdout_farmer_style\potato_healthy\pv_d1752ed4-a0a7-4075-917d-205c0e785dcf___RS_HL 1911.jpg	healthy	G7g_confident	potato	potato_healthy	True	False	False	False	False	False	False	False	False	0.7267666907277764	0.738797970975688	8.780567072527826e-06	0.2611778824648627	0.917751963731416	potato_healthy	0.7267666907277764	other_leaf	0.2611778824648627	potato_late_blight	0.012025670076661988
unknown	raw_photo-like	datasets\holdout_farmer_style\potato_healthy\pv_ec6e43d3-512d-4908-99f2-c9e2a0be54be___RS_HL 4202.jpg	healthy	G5_preserve_focus_crop	potato	potato_healthy	True	True	False	False	False	False	False	False	False	0.2349659901686221	0.2349659901686221	0.0011201734517485421	0.7638640032270322	0.9752505691290705	other_leaf	0.7638640032270322	potato_healthy	0.1869496832148115	potato_late_blight	0.04756120039266076
unknown	raw_photo-like	datasets\holdout_farmer_style\potato_healthy\pv_ff700844-68ad-4e99-8427-58a39c07f817___RS_HL 1860.jpg	healthy	G5_preserve_focus_crop	potato	potato_healthy	True	True	False	False	False	False	False	False	False	0.41492608789653335	0.41492608789653335	1.0205018599247025e-05	0.5850472252387595	1.0169830898244643	other_leaf	0.5850472252387595	potato_healthy	0.41019567707110105	potato_late_blight	0.004716535277942324
potato	raw_photo-like	datasets\holdout_farmer_style\potato_late_blight\potato_late_bright_12.jpg	uncertain	G7c_entropy	beans	beans_rust	True	False	False	False	True	False	False	True	False	0.41081011811926543	0.8166632275534227	0.04885701191578104	0.13416394102759652	2.031850633372447	beans_rust	0.41081011811926543	beans_angular_leaf_spot	0.3196141762297311	other_leaf	0.13416394102759652
potato	raw_photo-like	datasets\holdout_farmer_style\potato_late_blight\potato_late_bright_2.jpg	disease	G7a_crop_total_focus_rescue	potato	potato_late_blight	True	False	False	True	False	False	False	False	False	0.1707960557347626	0.4759101222697249	0.3015815019768088	0.21913904066138287	2.7531704445025658	other_leaf	0.21913904066138287	potato_late_blight	0.1707960557347626	potato_early_blight	0.155955514613529
potato	raw_photo-like	datasets\holdout_farmer_style\potato_late_blight\potato_late_bright_Lateblt109.jpg	disease	G7g_confident	potato	potato_late_blight	True	False	False	False	False	False	False	False	False	0.8260550006092684	0.9582167114620201	0.0017113757183275168	0.03984890492651265	0.9359094941166799	potato_late_blight	0.8260550006092684	potato_early_blight	0.09271611563891086	other_leaf	0.03984890492651265
potato	raw_photo-like	datasets\holdout_farmer_style\potato_late_blight\potato_late_bright_Lateblt11.jpg	disease	G7g_confident	potato	potato_late_blight	True	False	False	False	False	False	False	False	False	0.9591382314787652	0.985531769589596	4.099751021910533e-05	0.01440585859727769	0.2914184917477903	potato_late_blight	0.9591382314787652	potato_early_blight	0.02539705338048104	other_leaf	0.01440585859727769
potato	raw_photo-like	datasets\holdout_farmer_style\potato_late_blight\potato_late_bright_Lateblt119.jpg	disease	G7g_confident	potato	potato_late_blight	True	False	False	False	False	False	False	False	False	0.9625601378952536	0.982505011541298	1.9926440734443443e-05	0.01745361524001586	0.2691079874485043	potato_late_blight	0.9625601378952536	potato_early_blight	0.01985841103382687	other_leaf	0.01745361524001586
potato	raw_photo-like	datasets\holdout_farmer_style\potato_late_blight\potato_late_bright_Lateblt120.jpg	disease	G7g_confident	potato	potato_late_blight	True	False	False	False	False	False	False	False	False	0.9538007490158837	0.9810148670742203	2.5074980040562068e-05	0.018938796287757954	0.3167099901871585	potato_late_blight	0.9538007490158837	potato_early_blight	0.027116407675437867	other_leaf	0.018938796287757954
potato	raw_photo-like	datasets\holdout_farmer_style\potato_late_blight\potato_late_bright_Lateblt125.jpg	disease	G7g_confident	potato	potato_late_blight	True	False	False	False	False	False	False	False	False	0.9499831924187194	0.9769446527046574	2.2627742442339587e-05	0.02301153885646382	0.33802874289667917	potato_late_blight	0.9499831924187194	potato_early_blight	0.0268342054343335	other_leaf	0.02301153885646382
potato	raw_photo-like	datasets\holdout_farmer_style\potato_late_blight\potato_late_bright_Lateblt127.jpg	disease	G7g_confident	potato	potato_late_blight	True	False	False	False	False	False	False	False	False	0.9615185280584371	0.9825917314226643	2.0466110448785907e-05	0.017366377845982835	0.27532770271283286	potato_late_blight	0.9615185280584371	potato_early_blight	0.020927787860918305	other_leaf	0.017366377845982835
potato	raw_photo-like	datasets\holdout_farmer_style\potato_late_blight\potato_late_bright_Lateblt129.jpg	disease	G7g_confident	potato	potato_late_blight	True	False	False	False	False	False	False	False	False	0.8880901724766462	0.9464750483349151	0.0006689298624936815	0.05283611264906911	0.6461112738539562	potato_late_blight	0.8880901724766462	potato_early_blight	0.05400355868265206	other_leaf	0.05283611264906911
potato	raw_photo-like	datasets\holdout_farmer_style\potato_late_blight\potato_late_bright_Lateblt156.jpg	disease	G7g_confident	potato	potato_late_blight	True	False	False	False	False	False	False	False	False	0.842146493099346	0.9098609881572125	0.0010701564757456769	0.0890409294777772	0.8106614294324154	potato_late_blight	0.842146493099346	other_leaf	0.0890409294777772	potato_early_blight	0.06508645690776983
potato	raw_photo-like	datasets\holdout_farmer_style\potato_late_blight\potato_late_bright_Lateblt166.jpg	disease	G7g_confident	potato	potato_late_blight	True	False	False	False	False	False	False	False	False	0.8099180617383496	0.8963109090275179	0.003487065175679668	0.10016585629244036	0.9485835754485331	potato_late_blight	0.8099180617383496	other_leaf	0.10016585629244036	potato_early_blight	0.0804182340067513
potato	raw_photo-like	datasets\holdout_farmer_style\potato_late_blight\potato_late_bright_Lateblt170.jpg	disease	G7g_confident	potato	potato_late_blight	True	False	False	False	False	False	False	False	False	0.9535548983044312	0.9752818648066373	6.9029234506326e-05	0.024627851516223525	0.3265408928323174	potato_late_blight	0.9535548983044312	other_leaf	0.024627851516223525	potato_early_blight	0.02017650430978225
potato	raw_photo-like	datasets\holdout_farmer_style\potato_late_blight\potato_late_bright_Lateblt194.jpg	uncertain	G7c_entropy	potato	potato_late_blight	True	False	False	False	True	False	False	True	False	0.5936365304153494	0.7787250911285186	0.006938769698298677	0.20998779560878558	1.5468895990319007	potato_late_blight	0.5936365304153494	other_leaf	0.20998779560878558	potato_early_blight	0.1706571689779262
potato	raw_photo-like	datasets\holdout_farmer_style\potato_late_blight\potato_late_bright_Lateblt20.jpg	disease	G7g_confident	potato	potato_late_blight	True	False	False	False	False	False	False	False	False	0.8021476014545798	0.9574515024339804	0.001394422985736712	0.04053169740318904	0.977335606787011	potato_late_blight	0.8021476014545798	potato_early_blight	0.13184780634902232	other_leaf	0.04053169740318904
potato	raw_photo-like	datasets\holdout_farmer_style\potato_late_blight\potato_late_bright_Lateblt202.jpg	disease	G7g_confident	potato	potato_late_blight	True	False	False	False	False	False	False	False	False	0.8840275256152649	0.9363901770157754	0.00016117439510191997	0.06333264678298142	0.6422446552939629	potato_late_blight	0.8840275256152649	other_leaf	0.06333264678298142	potato_early_blight	0.051522315885695086
potato	raw_photo-like	datasets\holdout_farmer_style\potato_late_blight\potato_late_bright_Lateblt204.jpg	disease	G7g_confident	potato	potato_late_blight	True	False	False	False	False	False	False	False	False	0.8497771507231663	0.9236467880751478	0.0002784739183297435	0.07593780675344922	0.7694423647623895	potato_late_blight	0.8497771507231663	other_leaf	0.07593780675344922	potato_early_blight	0.07336912904375328
potato	raw_photo-like	datasets\holdout_farmer_style\potato_late_blight\potato_late_bright_Lateblt207.jpg	disease	G7g_confident	potato	potato_late_blight	True	False	False	False	False	False	False	False	False	0.8449884989669406	0.9015269399441931	0.0005125095556146474	0.09777157732940711	0.7875348893537744	potato_late_blight	0.8449884989669406	other_leaf	0.09777157732940711	potato_early_blight	0.054818644709421306
potato	raw_photo-like	datasets\holdout_farmer_style\potato_late_blight\potato_late_bright_Lateblt212.jpg	disease	G7g_confident	potato	potato_late_blight	True	False	False	False	False	False	False	False	False	0.8695962121103394	0.9437048409825016	0.0003545673024606585	0.055856713717002036	0.7456118576777918	potato_late_blight	0.8695962121103394	potato_early_blight	0.05913474893916791	other_leaf	0.055856713717002036
potato	raw_photo-like	datasets\holdout_farmer_style\potato_late_blight\potato_late_bright_Lateblt216.jpg	disease	G7g_confident	potato	potato_late_blight	True	False	False	False	False	False	False	False	False	0.9108605992834851	0.9556650046062346	2.7112382165502986e-05	0.044281241710208946	0.5257814026204878	potato_late_blight	0.9108605992834851	potato_early_blight	0.044546072622790825	other_leaf	0.044281241710208946
potato	raw_photo-like	datasets\holdout_farmer_style\potato_late_blight\potato_late_bright_Lateblt218.jpg	disease	G7g_confident	potato	potato_late_blight	True	False	False	False	False	False	False	False	False	0.8832537586518295	0.9359940764241697	3.635751250345604e-05	0.0639411748285897	0.6393757851176728	potato_late_blight	0.8832537586518295	other_leaf	0.0639411748285897	potato_early_blight	0.052454844715835044
potato	raw_photo-like	datasets\holdout_farmer_style\potato_late_blight\potato_late_bright_Lateblt228.jpg	disease	G7g_confident	potato	potato_late_blight	True	False	False	False	False	False	False	False	False	0.9350906162208363	0.9785817378517511	8.567302509765218e-05	0.02131059162856975	0.41172259924061916	potato_late_blight	0.9350906162208363	potato_early_blight	0.04290461742966187	other_leaf	0.02131059162856975
potato	raw_photo-like	datasets\holdout_farmer_style\potato_late_blight\potato_late_bright_Lateblt242.jpg	uncertain	G7c_entropy	potato	potato_late_blight	True	False	False	False	True	False	False	True	False	0.5093664753915229	0.6270386570233724	0.18476405700494963	0.17065080625721735	2.217740945070886	potato_late_blight	0.5093664753915229	other_leaf	0.17065080625721735	potato_early_blight	0.10575442131600914
potato	raw_photo-like	datasets\holdout_farmer_style\potato_late_blight\potato_late_bright_Lateblt245.jpg	disease	G7g_confident	potato	potato_late_blight	True	False	False	False	False	False	False	False	False	0.8701971802691207	0.9093343557424833	0.0026050840562284036	0.08683318584716433	0.7146948869224754	potato_late_blight	0.8701971802691207	other_leaf	0.08683318584716433	potato_early_blight	0.0368983682484973
potato	raw_photo-like	datasets\holdout_farmer_style\potato_late_blight\potato_late_bright_Lateblt247.jpg	disease	G7g_confident	potato	potato_late_blight	True	False	False	False	False	False	False	False	False	0.8643685238815377	0.9116869048789117	0.0010797859971141952	0.08686998551253546	0.7212181550193896	potato_late_blight	0.8643685238815377	other_leaf	0.08686998551253546	potato_early_blight	0.04601648132627818
potato	raw_photo-like	datasets\holdout_farmer_style\potato_late_blight\potato_late_bright_Lateblt248.jpg	disease	G7g_confident	potato	potato_late_blight	True	False	False	False	False	False	False	False	False	0.9046383661518678	0.9324235428975451	0.000268644997827357	0.06720916018032258	0.5481771424059485	potato_late_blight	0.9046383661518678	other_leaf	0.06720916018032258	potato_early_blight	0.026618743212962395
potato	raw_photo-like	datasets\holdout_farmer_style\potato_late_blight\potato_late_bright_Lateblt253.jpg	disease	G7g_confident	potato	potato_late_blight	True	False	False	False	False	False	False	False	False	0.8607041908089555	0.8979240513587463	0.0002456796950948608	0.10174202678397662	0.7117991040316746	potato_late_blight	0.8607041908089555	other_leaf	0.10174202678397662	potato_early_blight	0.03576678585907299
potato	raw_photo-like	datasets\holdout_farmer_style\potato_late_blight\potato_late_bright_Lateblt259.jpg	disease	G7g_confident	potato	potato_late_blight	True	False	False	False	False	False	False	False	False	0.8458355132126346	0.8988338052269109	0.0010006710382132464	0.09988896685313138	0.7882412436944718	potato_late_blight	0.8458355132126346	other_leaf	0.09988896685313138	potato_early_blight	0.05091505916519623
potato	raw_photo-like	datasets\holdout_farmer_style\potato_late_blight\potato_late_bright_Lateblt263.jpg	disease	G7g_confident	potato	potato_late_blight	True	False	False	False	False	False	False	False	False	0.9519671812171496	0.9717572641494726	1.6150685304145083e-05	0.028207467180215922	0.32571062539794693	potato_late_blight	0.9519671812171496	other_leaf	0.028207467180215922	potato_early_blight	0.0197661027527754
potato	raw_photo-like	datasets\holdout_farmer_style\potato_late_blight\potato_late_bright_Lateblt273.jpg	disease	G7g_confident	potato	potato_late_blight	True	False	False	False	False	False	False	False	False	0.9084190824382842	0.9313432720513071	3.94622948655646e-05	0.06858667057618374	0.5174720999144831	potato_late_blight	0.9084190824382842	other_leaf	0.06858667057618374	potato_early_blight	0.022885061237458072
potato	raw_photo-like	datasets\holdout_farmer_style\potato_late_blight\potato_late_bright_Lateblt287.jpg	disease	G7g_confident	potato	potato_late_blight	True	False	False	False	False	False	False	False	False	0.7316512023857136	0.8527790348035598	0.0001499331208948141	0.1470539116029004	1.1204805548749377	potato_late_blight	0.7316512023857136	other_leaf	0.1470539116029004	potato_early_blight	0.11946067812796661
potato	raw_photo-like	datasets\holdout_farmer_style\potato_late_blight\potato_late_bright_Lateblt298.jpg	disease	G7g_confident	potato	potato_late_blight	True	False	False	False	False	False	False	False	False	0.7013011054905204	0.8377544506851178	6.742414357864294e-05	0.16216147668216624	1.193770686391305	potato_late_blight	0.7013011054905204	other_leaf	0.16216147668216624	potato_early_blight	0.1343362268449036
potato	raw_photo-like	datasets\holdout_farmer_style\potato_late_blight\potato_late_bright_Lateblt30.jpg	disease	G7g_confident	potato	potato_late_blight	True	False	False	False	False	False	False	False	False	0.8590108385159057	0.9217596881265357	0.008242737506417734	0.06997824622503215	0.7892085095127583	potato_late_blight	0.8590108385159057	other_leaf	0.06997824622503215	potato_early_blight	0.06026914393629072
potato	raw_photo-like	datasets\holdout_farmer_style\potato_late_blight\potato_late_bright_Lateblt310.jpg	disease	G7g_confident	potato	potato_late_blight	True	False	False	False	False	False	False	False	False	0.6534943151167637	0.7824828044238281	0.00028162622827645713	0.2172195531217642	1.2879275302221256	potato_late_blight	0.6534943151167637	other_leaf	0.2172195531217642	potato_early_blight	0.1254744951625702
potato	raw_photo-like	datasets\holdout_farmer_style\potato_late_blight\potato_late_bright_Lateblt311.jpg	disease	G7g_confident	potato	potato_late_blight	True	False	False	False	False	False	False	False	False	0.9171692417538809	0.9692008135051414	0.002299978171904042	0.028434110550988257	0.5147497366181034	potato_late_blight	0.9171692417538809	potato_early_blight	0.050688865430630725	other_leaf	0.028434110550988257
potato	raw_photo-like	datasets\holdout_farmer_style\potato_late_blight\potato_late_bright_Lateblt317.jpg	disease	G7g_confident	potato	potato_late_blight	True	False	False	False	False	False	False	False	False	0.9238494944870524	0.971728810779653	0.002085725056752547	0.026164826184150582	0.47950322997465644	potato_late_blight	0.9238494944870524	potato_early_blight	0.047122490554340535	other_leaf	0.026164826184150582
potato	raw_photo-like	datasets\holdout_farmer_style\potato_late_blight\potato_late_bright_Lateblt330.jpg	disease	G7g_confident	potato	potato_late_blight	True	False	False	False	False	False	False	False	False	0.9165416399552253	0.9697210243624315	0.001475859791188908	0.028782624900536145	0.508170197209248	potato_late_blight	0.9165416399552253	potato_early_blight	0.052556820551001936	other_leaf	0.028782624900536145
potato	raw_photo-like	datasets\holdout_farmer_style\potato_late_blight\potato_late_bright_Lateblt337.jpg	uncertain	G7c_entropy	potato	potato_late_blight	True	False	False	False	True	False	False	True	False	0.6174472942794429	0.7480379605298583	0.07466476168117189	0.164015645938585	1.8277252123246737	potato_late_blight	0.6174472942794429	other_leaf	0.164015645938585	potato_early_blight	0.11159003185939771
potato	raw_photo-like	datasets\holdout_farmer_style\potato_late_blight\potato_late_bright_Lateblt339.jpg	disease	G7g_confident	potato	potato_late_blight	True	False	False	False	False	False	False	False	False	0.8050062384978817	0.8904769071956338	0.003250907860518055	0.10366313239745564	1.0049682583603814	potato_late_blight	0.8050062384978817	other_leaf	0.10366313239745564	potato_early_blight	0.07239939499755889
potato	raw_photo-like	datasets\holdout_farmer_style\potato_late_blight\potato_late_bright_Lateblt340.jpg	uncertain	G7c_entropy	potato	potato_late_blight	True	False	False	False	True	False	False	True	False	0.602032707303254	0.6557508786704943	0.18775735061980628	0.15145164859197632	1.6723067402528555	potato_late_blight	0.602032707303254	maize_common_rust	0.1713549617357339	other_leaf	0.15145164859197632
potato	raw_photo-like	datasets\holdout_farmer_style\potato_late_blight\potato_late_bright_Lateblt353.jpg	disease	G7g_confident	potato	potato_late_blight	True	False	False	False	False	False	False	False	False	0.9211384688084764	0.96419936202585	0.00015002223922405916	0.035607237125220015	0.49617389664814027	potato_late_blight	0.9211384688084764	potato_early_blight	0.03956914231227349	other_leaf	0.035607237125220015
potato	raw_photo-like	datasets\holdout_farmer_style\potato_late_blight\potato_late_bright_Lateblt363.jpg	disease	G7g_confident	potato	potato_late_blight	True	False	False	False	False	False	False	False	False	0.8077157665073065	0.9274895193486166	0.0019767535719252887	0.07046536959451667	0.9103529478716708	potato_late_blight	0.8077157665073065	potato_early_blight	0.11936310439219419	other_leaf	0.07046536959451667
potato	raw_photo-like	datasets\holdout_farmer_style\potato_late_blight\potato_late_bright_Lateblt365.jpg	disease	G7g_confident	potato	potato_late_blight	True	False	False	False	False	False	False	False	False	0.9108040222403639	0.958974421423234	0.00022822300616471902	0.04073245780755995	0.5498343543346715	potato_late_blight	0.9108040222403639	potato_early_blight	0.042851817520793985	other_leaf	0.04073245780755995
potato	raw_photo-like	datasets\holdout_farmer_style\potato_late_blight\potato_late_bright_Lateblt375.jpg	disease	G7g_confident	potato	potato_late_blight	True	False	False	False	False	False	False	False	False	0.875103812841452	0.9219145153164867	0.0053822154316848225	0.0726836117799227	0.7008308433976207	potato_late_blight	0.875103812841452	other_leaf	0.0726836117799227	potato_early_blight	0.04622947707307113
potato	raw_photo-like	datasets\holdout_farmer_style\potato_late_blight\potato_late_bright_Lateblt378.jpg	disease	G7g_confident	potato	potato_late_blight	True	False	False	False	False	False	False	False	False	0.893647381254994	0.9405315646220079	0.0021677486194140766	0.05728066135615169	0.6134903109640031	potato_late_blight	0.893647381254994	other_leaf	0.05728066135615169	potato_early_blight	0.04644939735091804
potato	raw_photo-like	datasets\holdout_farmer_style\potato_late_blight\potato_late_bright_Lateblt380.jpg	disease	G7g_confident	potato	potato_late_blight	True	False	False	False	False	False	False	False	False	0.8910089758766127	0.9414498469613705	0.001893466043014312	0.056636713930329596	0.6230519965806465	potato_late_blight	0.8910089758766127	other_leaf	0.056636713930329596	potato_early_blight	0.05003073120486218
potato	raw_photo-like	datasets\holdout_farmer_style\potato_late_blight\potato_late_bright_Lateblt384.jpg	disease	G7g_confident	potato	potato_late_blight	True	False	False	False	False	False	False	False	False	0.9185779227342952	0.9654522741362279	0.00011184712232853428	0.034396231280403713	0.5106471548325646	potato_late_blight	0.9185779227342952	potato_early_blight	0.042291468798163874	other_leaf	0.034396231280403713
potato	raw_photo-like	datasets\holdout_farmer_style\potato_late_blight\potato_late_bright_Lateblt39.jpg	disease	G7g_confident	potato	potato_late_blight	True	False	False	False	False	False	False	False	False	0.9038110789944754	0.9446140177942288	0.003819288446391175	0.05154646967567576	0.5835574296742655	potato_late_blight	0.9038110789944754	other_leaf	0.05154646967567576	potato_early_blight	0.039626323942396006
potato	raw_photo-like	datasets\holdout_farmer_style\potato_late_blight\potato_late_bright_Lateblt400.jpg	disease	G7g_confident	potato	potato_late_blight	True	False	False	False	False	False	False	False	False	0.8618273953125981	0.9227422945650124	0.0013417330855455194	0.07539978583981335	0.7508420480531832	potato_late_blight	0.8618273953125981	other_leaf	0.07539978583981335	potato_early_blight	0.05785914272433007
potato	raw_photo-like	datasets\holdout_farmer_style\potato_late_blight\potato_late_bright_Lateblt408.jpg	disease	G7g_confident	potato	potato_late_blight	True	False	False	False	False	False	False	False	False	0.8520664993278254	0.9089431279845444	0.005337509439348105	0.0846279057318732	0.8254177547564217	potato_late_blight	0.8520664993278254	other_leaf	0.0846279057318732	potato_early_blight	0.04906226051948732
potato	raw_photo-like	datasets\holdout_farmer_style\potato_late_blight\potato_late_bright_Lateblt414.jpg	disease	G7g_confident	potato	potato_late_blight	True	False	False	False	False	False	False	False	False	0.8455651621974056	0.9114938832548629	0.002783912600846627	0.08508560197400335	0.8393413145693529	potato_late_blight	0.8455651621974056	other_leaf	0.08508560197400335	potato_early_blight	0.056614472099466455
potato	raw_photo-like	datasets\holdout_farmer_style\potato_late_blight\potato_late_bright_Lateblt422.jpg	disease	G7g_confident	potato	potato_late_blight	True	False	False	False	False	False	False	False	False	0.794584983371213	0.893148814983578	0.0063382813004447215	0.09942725731633281	1.0467624310441346	potato_late_blight	0.794584983371213	other_leaf	0.09942725731633281	potato_early_blight	0.08552801971199808
potato	raw_photo-like	datasets\holdout_farmer_style\potato_late_blight\potato_late_bright_Lateblt43.jpg	disease	G7g_confident	potato	potato_late_blight	True	False	False	False	False	False	False	False	False	0.9434583726299327	0.9681710931219748	0.0008458622786113282	0.03096200190128749	0.37988036515882023	potato_late_blight	0.9434583726299327	other_leaf	0.03096200190128749	potato_early_blight	0.024200829517178432
potato	raw_photo-like	datasets\holdout_farmer_style\potato_late_blight\potato_late_bright_Lateblt444.jpg	disease	G7g_confident	potato	potato_late_blight	True	False	False	False	False	False	False	False	False	0.7285151374930044	0.8423981825884073	0.0008119537563223312	0.15672724798092508	1.1217039382449752	potato_late_blight	0.7285151374930044	other_leaf	0.15672724798092508	potato_early_blight	0.11360784791141677
potato	raw_photo-like	datasets\holdout_farmer_style\potato_late_blight\potato_late_bright_Lateblt448.jpg	disease	G7g_confident	potato	potato_late_blight	True	False	False	False	False	False	False	False	False	0.6979117065514588	0.818669231218091	0.00286510463243939	0.17835739128167138	1.206422385924133	potato_late_blight	0.6979117065514588	other_leaf	0.17835739128167138	potato_early_blight	0.12030390367317279
potato	raw_photo-like	datasets\holdout_farmer_style\potato_late_blight\potato_late_bright_Lateblt453.jpg	disease	G7g_confident	potato	potato_late_blight	True	False	False	False	False	False	False	False	False	0.7707701834884818	0.8552284980112316	0.0009551905449023171	0.14373657325482006	1.0064686228101194	potato_late_blight	0.7707701834884818	other_leaf	0.14373657325482006	potato_early_blight	0.08428866960623711
potato	raw_photo-like	datasets\holdout_farmer_style\potato_late_blight\potato_late_bright_Lateblt46.jpg	disease	G7g_confident	potato	potato_late_blight	True	False	False	False	False	False	False	False	False	0.8824090072053407	0.9415357140552398	0.006651739699621515	0.05179275542015152	0.6857648303291153	potato_late_blight	0.8824090072053407	potato_early_blight	0.05795184544154323	other_leaf	0.05179275542015152
potato	raw_photo-like	datasets\holdout_farmer_style\potato_late_blight\potato_late_bright_Lateblt474.jpg	disease	G7d_class_confidence_focus_override	potato	potato_late_blight	True	False	False	False	False	False	False	False	False	0.5039959930099549	0.9318982429868004	0.0008183415279665955	0.06726801973692216	1.3062043648985808	potato_late_blight	0.5039959930099549	potato_early_blight	0.42666659979952465	other_leaf	0.06726801973692216
potato	raw_photo-like	datasets\holdout_farmer_style\potato_late_blight\potato_late_bright_Lateblt49.jpg	disease	G7g_confident	potato	potato_late_blight	True	False	False	False	False	False	False	False	False	0.6928732876992616	0.9039697575168057	0.00482852972707049	0.09041063671452888	1.3125294471309354	potato_late_blight	0.6928732876992616	potato_early_blight	0.18805634558559906	other_leaf	0.09041063671452888
potato	raw_photo-like	datasets\holdout_farmer_style\potato_late_blight\potato_late_bright_Lateblt50.jpg	uncertain	G7c_entropy	potato	potato_late_blight	True	False	False	False	True	False	False	True	False	0.35058687978961645	0.5622052783110647	0.23929072583936115	0.1978408497577539	2.509503164097707	potato_late_blight	0.35058687978961645	other_leaf	0.1978408497577539	potato_early_blight	0.1644290169817169
potato	raw_photo-like	datasets\holdout_farmer_style\potato_late_blight\potato_late_bright_Lateblt502.jpg	disease	G7g_confident	potato	potato_late_blight	True	False	False	False	False	False	False	False	False	0.6418600828166507	0.754186333292413	0.012067652767135471	0.23369056685779604	1.3971066304756938	potato_late_blight	0.6418600828166507	other_leaf	0.23369056685779604	potato_early_blight	0.10311593960134773
potato	raw_photo-like	datasets\holdout_farmer_style\potato_late_blight\potato_late_bright_Lateblt505.jpg	disease	G7g_confident	potato	potato_late_blight	True	False	False	False	False	False	False	False	False	0.7741891951758472	0.8766557019883023	0.00026675730216541244	0.12298079813962244	1.0069705336704238	potato_late_blight	0.7741891951758472	other_leaf	0.12298079813962244	potato_early_blight	0.10156661112578275
potato	raw_photo-like	datasets\holdout_farmer_style\potato_late_blight\potato_late_bright_Lateblt507.jpg	disease	G7g_confident	potato	potato_late_blight	True	False	False	False	False	False	False	False	False	0.6040574558647125	0.6965442327787157	0.002745111043104298	0.300692033400534	1.3457963263400878	potato_late_blight	0.6040574558647125	other_leaf	0.300692033400534	potato_early_blight	0.08428322296479365
potato	raw_photo-like	datasets\holdout_farmer_style\potato_late_blight\potato_late_bright_Lateblt514.jpg	disease	G7g_confident	potato	potato_late_blight	True	False	False	False	False	False	False	False	False	0.7663933525444412	0.9221695877776129	0.0029229352404689293	0.07488975743550709	1.0374538176747963	potato_late_blight	0.7663933525444412	potato_early_blight	0.15356728266235795	other_leaf	0.07488975743550709
potato	raw_photo-like	datasets\holdout_farmer_style\potato_late_blight\potato_late_bright_Lateblt515.jpg	disease	G7g_confident	potato	potato_late_blight	True	False	False	False	False	False	False	False	False	0.6428637541995217	0.7598541464028625	0.006190858312686545	0.23393910869073836	1.3314679302907764	potato_late_blight	0.6428637541995217	other_leaf	0.23393910869073836	potato_early_blight	0.1142093581147695
potato	raw_photo-like	datasets\holdout_farmer_style\potato_late_blight\potato_late_bright_Lateblt518.jpg	disease	G7d_class_confidence_focus_override	potato	potato_late_blight	True	False	False	False	False	False	False	False	False	0.5722509158392843	0.63750606417119	0.01913376798349773	0.34309247255158004	1.3865056657853647	potato_late_blight	0.5722509158392843	other_leaf	0.34309247255158004	potato_early_blight	0.06511588360404603
potato	raw_photo-like	datasets\holdout_farmer_style\potato_late_blight\potato_late_bright_Lateblt519.jpg	disease	G7g_confident	potato	potato_late_blight	True	False	False	False	False	False	False	False	False	0.7107850755113307	0.8357657841340606	0.012999322037110635	0.1385857980568989	1.389785189626611	potato_late_blight	0.7107850755113307	other_leaf	0.1385857980568989	potato_early_blight	0.11024534367723471
potato	raw_photo-like	datasets\holdout_farmer_style\potato_late_blight\potato_late_bright_Lateblt529.jpg	disease	G7g_confident	potato	potato_late_blight	True	False	False	False	False	False	False	False	False	0.7284087792955849	0.8779762904539792	0.0007000561543518323	0.12130658315423483	1.1282050915148962	potato_late_blight	0.7284087792955849	potato_early_blight	0.14870361209573515	other_leaf	0.12130658315423483
potato	raw_photo-like	datasets\holdout_farmer_style\potato_late_blight\potato_late_bright_Lateblt53.jpg	unsupported	G7a_crop_total	potato		True	False	False	True	False	False	False	False	False	0.0	0.37535319918070464	0.33371679142127464	0.28952155822711134	2.689096684913697	other_leaf	0.28952155822711134	potato_late_blight	0.17438639870162315	beans_healthy	0.13653648324460052
potato	raw_photo-like	datasets\holdout_farmer_style\potato_late_blight\potato_late_bright_Lateblt533.jpg	disease	G7g_confident	potato	potato_late_blight	True	False	False	False	False	False	False	False	False	0.7862302857459038	0.882315603751642	0.0017973709472985226	0.11586900814853901	0.9928924994840715	potato_late_blight	0.7862302857459038	other_leaf	0.11586900814853901	potato_early_blight	0.0936791485935954
potato	raw_photo-like	datasets\holdout_farmer_style\potato_late_blight\potato_late_bright_Lateblt539.jpg	disease	G7g_confident	potato	potato_late_blight	True	False	False	False	False	False	False	False	False	0.9168350292715739	0.950582403519337	0.0008431660323279643	0.04854872937081256	0.5092243082049317	potato_late_blight	0.9168350292715739	other_leaf	0.04854872937081256	potato_early_blight	0.03253055210787777
potato	raw_photo-like	datasets\holdout_farmer_style\potato_late_blight\potato_late_bright_Lateblt54.jpg	disease	G5_preserve_focus_crop	potato	potato_late_blight	True	True	False	False	False	False	False	False	False	0.24647149813073638	0.24647149813073638	0.08141435203282288	0.6720075156543369	1.6668680909903182	other_leaf	0.6720075156543369	potato_late_blight	0.10809101457102648	potato_early_blight	0.09427261606944518
potato	raw_photo-like	datasets\holdout_farmer_style\potato_late_blight\potato_late_bright_Lateblt542.jpg	disease	G7g_confident	potato	potato_late_blight	True	False	False	False	False	False	False	False	False	0.8924830136039321	0.9330119317934985	0.0008645088374517884	0.06610238193964206	0.6139723017045602	potato_late_blight	0.8924830136039321	other_leaf	0.06610238193964206	potato_early_blight	0.0386707720811574
potato	raw_photo-like	datasets\holdout_farmer_style\potato_late_blight\potato_late_bright_Lateblt567.jpg	disease	G7g_confident	potato	potato_late_blight	True	False	False	False	False	False	False	False	False	0.7554583047919642	0.9291496921820025	0.0002099347271312896	0.07050364951354042	1.1298351432884122	potato_late_blight	0.7554583047919642	potato_early_blight	0.14555673482991832	other_leaf	0.07050364951354042
potato	raw_photo-like	datasets\holdout_farmer_style\potato_late_blight\potato_late_bright_Lateblt569.jpg	disease	G7g_confident	potato	potato_late_blight	True	False	False	False	False	False	False	False	False	0.8967923327182334	0.9456987976444501	0.0006892930630150516	0.05359109633986277	0.5983719390284479	potato_late_blight	0.8967923327182334	other_leaf	0.05359109633986277	potato_early_blight	0.047362084347241276
potato	raw_photo-like	datasets\holdout_farmer_style\potato_late_blight\potato_late_bright_Lateblt57.jpg	unsupported	G7a_crop_total	potato		True	False	False	True	False	False	False	False	False	0.0	0.3747925235606576	0.3382499817306383	0.2863549761753257	2.6539953699041847	other_leaf	0.2863549761753257	beans_healthy	0.1815139811845978	potato_late_blight	0.16987301148014766
potato	raw_photo-like	datasets\holdout_farmer_style\potato_late_blight\potato_late_bright_Lateblt574.jpg	disease	G7g_confident	potato	potato_late_blight	True	False	False	False	False	False	False	False	False	0.7390731048876542	0.9321822021853114	0.00017666951910802505	0.0675948868305658	1.1644658301424207	potato_late_blight	0.7390731048876542	potato_early_blight	0.16404355293862408	other_leaf	0.0675948868305658
potato	raw_photo-like	datasets\holdout_farmer_style\potato_late_blight\potato_late_bright_Lateblt58.jpg	disease	G7a_crop_total_focus_rescue	potato	potato_late_blight	True	False	False	True	False	False	False	False	False	0.2946723945175503	0.4657226280355894	0.2618544925421662	0.2723150564569596	2.5505427822660627	potato_late_blight	0.2946723945175503	other_leaf	0.2723150564569596	potato_early_blight	0.10547606650765126
potato	raw_photo-like	datasets\holdout_farmer_style\potato_late_blight\potato_late_bright_Lateblt585.jpg	disease	G7g_confident	potato	potato_late_blight	True	False	False	False	False	False	False	False	False	0.765199201429337	0.9302576939891186	8.0098993888098e-05	0.0696241873803506	1.0772717087791788	potato_late_blight	0.765199201429337	potato_early_blight	0.1466239685566916	other_leaf	0.0696241873803506
potato	raw_photo-like	datasets\holdout_farmer_style\potato_late_blight\potato_late_bright_Lateblt586.jpg	disease	G7g_confident	potato	potato_late_blight	True	False	False	False	False	False	False	False	False	0.7168296115314883	0.9099152968164601	0.00013001339406952856	0.08991383933950435	1.2111120464364316	potato_late_blight	0.7168296115314883	potato_early_blight	0.17278518203469254	other_leaf	0.08991383933950435
potato	raw_photo-like	datasets\holdout_farmer_style\potato_late_blight\potato_late_bright_Lateblt591.jpg	disease	G7g_confident	potato	potato_late_blight	True	False	False	False	False	False	False	False	False	0.8452782822067297	0.8961234473934697	0.0007292069126338028	0.10312810596021905	0.7819418760408159	potato_late_blight	0.8452782822067297	other_leaf	0.10312810596021905	potato_early_blight	0.048948328784625135
potato	raw_photo-like	datasets\holdout_farmer_style\potato_late_blight\potato_late_bright_Lateblt597.jpg	disease	G7g_confident	potato	potato_late_blight	True	False	False	False	False	False	False	False	False	0.7108234330394511	0.9166185482584432	0.0001081052045677707	0.08322074788984192	1.213623875659046	potato_late_blight	0.7108234330394511	potato_early_blight	0.1862243378783276	other_leaf	0.08322074788984192
potato	raw_photo-like	datasets\holdout_farmer_style\potato_late_blight\potato_late_bright_Lateblt603.jpg	disease	G7g_confident	potato	potato_late_blight	True	False	False	False	False	False	False	False	False	0.9129064501142349	0.98043342778249	0.0002423858955461796	0.019303758124819503	0.5144896133937742	potato_late_blight	0.9129064501142349	potato_early_blight	0.06434936823853177	other_leaf	0.019303758124819503
potato	raw_photo-like	datasets\holdout_farmer_style\potato_late_blight\potato_late_bright_Lateblt605.jpg	disease	G7g_confident	potato	potato_late_blight	True	False	False	False	False	False	False	False	False	0.8685480134581693	0.9753290434780478	0.0005330253890312675	0.02411834527429921	0.6758567701319189	potato_late_blight	0.8685480134581693	potato_early_blight	0.104028886396333	other_leaf	0.02411834527429921
potato	raw_photo-like	datasets\holdout_farmer_style\potato_late_blight\potato_late_bright_Lateblt615.jpg	disease	G7g_confident	potato	potato_late_blight	True	False	False	False	False	False	False	False	False	0.8999342031440156	0.980214657054892	0.00032635399372544285	0.01943880565214855	0.5534340799655075	potato_late_blight	0.8999342031440156	potato_early_blight	0.07900048140270766	other_leaf	0.01943880565214855
potato	raw_photo-like	datasets\holdout_farmer_style\potato_late_blight\potato_late_bright_Lateblt622.jpg	disease	G7g_confident	potato	potato_late_blight	True	False	False	False	False	False	False	False	False	0.8587017336181684	0.9741900210368177	0.00026348563735075945	0.02552708246670136	0.7012173305470637	potato_late_blight	0.8587017336181684	potato_early_blight	0.11357994944953294	other_leaf	0.02552708246670136
potato	raw_photo-like	datasets\holdout_farmer_style\potato_late_blight\potato_late_bright_Lateblt624.jpg	disease	G7g_confident	potato	potato_late_blight	True	False	False	False	False	False	False	False	False	0.8955145242456568	0.956803598858035	0.0006077529168727297	0.04252855911147062	0.6177621145695715	potato_late_blight	0.8955145242456568	potato_early_blight	0.05588428768528086	other_leaf	0.04252855911147062
potato	raw_photo-like	datasets\holdout_farmer_style\potato_late_blight\potato_late_bright_Lateblt630.jpg	disease	G7g_confident	potato	potato_late_blight	True	False	False	False	False	False	False	False	False	0.8119790847881736	0.965334988502968	0.0005284992047274984	0.034117927100088874	0.8533933832748777	potato_late_blight	0.8119790847881736	potato_early_blight	0.15028513379200628	other_leaf	0.034117927100088874
potato	raw_photo-like	datasets\holdout_farmer_style\potato_late_blight\potato_late_bright_Lateblt633.jpg	uncertain	G7c_entropy	potato	potato_late_blight	True	False	False	False	True	False	False	True	False	0.5811212149510449	0.8780652396876498	0.017739610630154716	0.10303940571478581	1.59095505780736	potato_late_blight	0.5811212149510449	potato_early_blight	0.26796433162502076	other_leaf	0.10303940571478581
potato	raw_photo-like	datasets\holdout_farmer_style\potato_late_blight\potato_late_bright_Lateblt657.jpg	disease	G7g_confident	potato	potato_late_blight	True	False	False	False	False	False	False	False	False	0.9025801282161254	0.9605631604235566	3.7614341324265885e-05	0.039379016127190206	0.5626632176434462	potato_late_blight	0.9025801282161254	potato_early_blight	0.05715657577436627	other_leaf	0.039379016127190206
potato	raw_photo-like	datasets\holdout_farmer_style\potato_late_blight\potato_late_bright_Lateblt658.jpg	disease	G7g_confident	potato	potato_late_blight	True	False	False	False	False	False	False	False	False	0.9154466079747591	0.9710343372882859	3.7283447012595724e-05	0.02890790702657703	0.5022673199524671	potato_late_blight	0.9154466079747591	potato_early_blight	0.054942101746488795	other_leaf	0.02890790702657703
potato	raw_photo-like	datasets\holdout_farmer_style\potato_late_blight\potato_late_bright_Lateblt66.jpg	disease	G7a_crop_total_focus_rescue	potato	potato_late_blight	True	False	False	True	False	False	False	False	False	0.21764542482096583	0.4725763095896157	0.3902832712303914	0.1361914587588998	2.7613820435785756	potato_late_blight	0.21764542482096583	potato_early_blight	0.1719194469341316	beans_rust	0.1462145545908436
potato	raw_photo-like	datasets\holdout_farmer_style\potato_late_blight\potato_late_bright_Lateblt668.jpg	disease	G7g_confident	potato	potato_late_blight	True	False	False	False	False	False	False	False	False	0.9137537274517447	0.96426105128803	2.1865942209738444e-05	0.035696648827731395	0.5128660398528935	potato_late_blight	0.9137537274517447	potato_early_blight	0.05000960710105839	other_leaf	0.035696648827731395
potato	raw_photo-like	datasets\holdout_farmer_style\potato_late_blight\potato_late_bright_Lateblt676.jpg	disease	G7g_confident	potato	potato_late_blight	True	False	False	False	False	False	False	False	False	0.9077623279522938	0.9607191388975626	0.0006313064928953073	0.03862089245681325	0.5438309065019283	potato_late_blight	0.9077623279522938	potato_early_blight	0.05254234600261512	other_leaf	0.03862089245681325
potato	raw_photo-like	datasets\holdout_farmer_style\potato_late_blight\potato_late_bright_Lateblt682.jpg	disease	G7g_confident	potato	potato_late_blight	True	False	False	False	False	False	False	False	False	0.9364135162334355	0.977553463221748	7.388955149755216e-05	0.022351747593287504	0.4064865148364737	potato_late_blight	0.9364135162334355	potato_early_blight	0.0405762557638012	other_leaf	0.022351747593287504
potato	raw_photo-like	datasets\holdout_farmer_style\potato_late_blight\potato_late_bright_Lateblt685.jpg	disease	G7g_confident	potato	potato_late_blight	True	False	False	False	False	False	False	False	False	0.9375134322749403	0.9768264984877145	5.6121377769907804e-05	0.023096458273528464	0.4012094467989939	potato_late_blight	0.9375134322749403	potato_early_blight	0.03885723450522046	other_leaf	0.023096458273528464
potato	raw_photo-like	datasets\holdout_farmer_style\potato_late_blight\potato_late_bright_Lateblt686.jpg	disease	G7g_confident	potato	potato_late_blight	True	False	False	False	False	False	False	False	False	0.9304140478935032	0.9735156373182932	0.00016213552364296614	0.02630145251897559	0.4376607360642822	potato_late_blight	0.9304140478935032	potato_early_blight	0.042482104150436364	other_leaf	0.02630145251897559
potato	raw_photo-like	datasets\holdout_farmer_style\potato_late_blight\potato_late_bright_Lateblt690.jpg	disease	G7g_confident	potato	potato_late_blight	True	False	False	False	False	False	False	False	False	0.9359778330943044	0.9768007679777803	5.790573113563498e-05	0.023120436116047603	0.409225996958239	potato_late_blight	0.9359778330943044	potato_early_blight	0.04021149331505083	other_leaf	0.023120436116047603
potato	raw_photo-like	datasets\holdout_farmer_style\potato_late_blight\potato_late_bright_Lateblt693.jpg	disease	G7g_confident	potato	potato_late_blight	True	False	False	False	False	False	False	False	False	0.7399607256715919	0.890632289934756	0.028783804959337966	0.07951380159138224	1.3079340001880904	potato_late_blight	0.7399607256715919	potato_early_blight	0.1297120669564741	other_leaf	0.07951380159138224
potato	raw_photo-like	datasets\holdout_farmer_style\potato_late_blight\potato_late_bright_Lateblt704.jpg	disease	G7g_confident	potato	potato_late_blight	True	False	False	False	False	False	False	False	False	0.8711357157206854	0.9446353001417169	8.319662568980541e-05	0.055243603478811514	0.6904327189572662	potato_late_blight	0.8711357157206854	potato_early_blight	0.07251043542714436	other_leaf	0.055243603478811514
potato	raw_photo-like	datasets\holdout_farmer_style\potato_late_blight\potato_late_bright_Lateblt710.jpg	disease	G7g_confident	potato	potato_late_blight	True	False	False	False	False	False	False	False	False	0.8065547559656358	0.9041949190707737	0.0003338347606597038	0.09534162899609117	0.9244183670341322	potato_late_blight	0.8065547559656358	other_leaf	0.09534162899609117	potato_early_blight	0.095082510577515
potato	raw_photo-like	datasets\holdout_farmer_style\potato_late_blight\potato_late_bright_Lateblt718.jpg	disease	G7g_confident	potato	potato_late_blight	True	False	False	False	False	False	False	False	False	0.8809565246446944	0.9441342265181517	4.073738260350369e-05	0.05579206259559405	0.6542008167817599	potato_late_blight	0.8809565246446944	potato_early_blight	0.06210202103927444	other_leaf	0.05579206259559405
potato	raw_photo-like	datasets\holdout_farmer_style\potato_late_blight\potato_late_bright_Lateblt722.jpg	disease	G7g_confident	potato	potato_late_blight	True	False	False	False	False	False	False	False	False	0.8629973938975742	0.928811296471294	5.323945169320333e-05	0.07107709848764641	0.7241704644987121	potato_late_blight	0.8629973938975742	other_leaf	0.07107709848764641	potato_early_blight	0.06446475472772019
potato	raw_photo-like	datasets\holdout_farmer_style\potato_late_blight\potato_late_bright_Lateblt723.jpg	disease	G7g_confident	potato	potato_late_blight	True	False	False	False	False	False	False	False	False	0.9034540265782661	0.947806723408127	3.766175321546046e-05	0.05212396818849378	0.5604872250965871	potato_late_blight	0.9034540265782661	other_leaf	0.05212396818849378	potato_early_blight	0.04360211453299803
potato	raw_photo-like	datasets\holdout_farmer_style\potato_late_blight\potato_late_bright_Lateblt73.jpg	uncertain	G7c_entropy	potato	potato_late_blight	True	False	False	False	True	False	False	True	False	0.3252969026455709	0.5382772991692439	0.10476434347399383	0.34947375271763154	2.254240182169904	other_leaf	0.34947375271763154	potato_late_blight	0.3252969026455709	potato_early_blight	0.17412939071120428
potato	raw_photo-like	datasets\holdout_farmer_style\potato_late_blight\potato_late_bright_Lateblt732.jpg	disease	G7g_confident	potato	potato_late_blight	True	False	False	False	False	False	False	False	False	0.842204980747756	0.9225767617556935	4.858653168210652e-05	0.07733022588457127	0.7976266591732072	potato_late_blight	0.842204980747756	potato_early_blight	0.0790747816311208	other_leaf	0.07733022588457127
potato	raw_photo-like	datasets\holdout_farmer_style\potato_late_blight\potato_late_bright_Lateblt735.jpg	disease	G7g_confident	potato	potato_late_blight	True	False	False	False	False	False	False	False	False	0.8320379637693867	0.9173523596671774	0.00016078330091110816	0.0824334582252816	0.8366982461434305	potato_late_blight	0.8320379637693867	potato_early_blight	0.08341689255475843	other_leaf	0.0824334582252816
potato	raw_photo-like	datasets\holdout_farmer_style\potato_late_blight\potato_late_bright_Lateblt743.jpg	disease	G7g_confident	potato	potato_late_blight	True	False	False	False	False	False	False	False	False	0.8490831872222624	0.938080246793321	0.005670217899470746	0.0560565193840068	0.823133190922815	potato_late_blight	0.8490831872222624	potato_early_blight	0.08420824121404435	other_leaf	0.0560565193840068
potato	raw_photo-like	datasets\holdout_farmer_style\potato_late_blight\potato_late_bright_Lateblt752.jpg	disease	G7g_confident	potato	potato_late_blight	True	False	False	False	False	False	False	False	False	0.8848379344422125	0.9489706291848665	0.005876236167224942	0.045108820782791666	0.69926808718708	potato_late_blight	0.8848379344422125	potato_early_blight	0.055799574649908625	other_leaf	0.045108820782791666
potato	raw_photo-like	datasets\holdout_farmer_style\potato_late_blight\potato_late_bright_Lateblt753.jpg	disease	G7g_confident	potato	potato_late_blight	True	False	False	False	False	False	False	False	False	0.860531678345913	0.9449548523845017	0.003662502106543601	0.05133387391649409	0.7805868342942215	potato_late_blight	0.860531678345913	potato_early_blight	0.07642795432360366	other_leaf	0.05133387391649409
potato	raw_photo-like	datasets\holdout_farmer_style\potato_late_blight\potato_late_bright_Lateblt757.jpg	disease	G7g_confident	potato	potato_late_blight	True	False	False	False	False	False	False	False	False	0.8558108426329796	0.936411307193901	0.006572255126441389	0.056953774457625	0.8144257475329868	potato_late_blight	0.8558108426329796	potato_early_blight	0.07277672957432084	other_leaf	0.056953774457625
potato	raw_photo-like	datasets\holdout_farmer_style\potato_late_blight\potato_late_bright_Lateblt762.jpg	disease	G7g_confident	potato	potato_late_blight	True	False	False	False	False	False	False	False	False	0.9470315562879559	0.9749337924829118	3.5226392787004525e-05	0.025008733652621736	0.3627814539325461	potato_late_blight	0.9470315562879559	potato_early_blight	0.025926921261762874	other_leaf	0.025008733652621736
potato	raw_photo-like	datasets\holdout_farmer_style\potato_late_blight\potato_late_bright_Lateblt773.jpg	disease	G7g_confident	potato	potato_late_blight	True	False	False	False	False	False	False	False	False	0.8391911902097863	0.9726600527557911	0.0006272853835716795	0.026240089663717034	0.8569962849692458	potato_late_blight	0.8391911902097863	potato_early_blight	0.10155689971115743	potato_healthy	0.03191196283484742
potato	raw_photo-like	datasets\holdout_farmer_style\potato_late_blight\potato_late_bright_Lateblt779.jpg	disease	G7g_confident	potato	potato_late_blight	True	False	False	False	False	False	False	False	False	0.6795068338704978	0.9434984571793612	0.0033524124798607812	0.05229408668955804	1.4038806034988778	potato_late_blight	0.6795068338704978	potato_early_blight	0.16274274039260853	potato_healthy	0.10124888291625479
potato	raw_photo-like	datasets\holdout_farmer_style\potato_late_blight\potato_late_bright_Lateblt780.jpg	uncertain	G7c_entropy	potato	potato_late_blight	True	False	False	False	True	False	False	True	False	0.6128001992877322	0.925754493442271	0.007313667311331165	0.06619264817359456	1.5910739020383329	potato_late_blight	0.6128001992877322	potato_early_blight	0.18642789046973202	potato_healthy	0.12652640368480683
potato	raw_photo-like	datasets\holdout_farmer_style\potato_late_blight\potato_late_bright_Lateblt791.jpg	disease	G7g_confident	potato	potato_late_blight	True	False	False	False	False	False	False	False	False	0.7869156255752574	0.9169233905538363	0.005977335497194003	0.07704090020170065	1.0454226629763497	potato_late_blight	0.7869156255752574	potato_early_blight	0.11948683922296027	other_leaf	0.07704090020170065
potato	raw_photo-like	datasets\holdout_farmer_style\potato_late_blight\potato_late_bright_Lateblt792.jpg	disease	G7g_confident	potato	potato_late_blight	True	False	False	False	False	False	False	False	False	0.9455430380817386	0.9745311095860814	1.926846953573794e-05	0.025428534736789125	0.3627538907015002	potato_late_blight	0.9455430380817386	potato_early_blight	0.02861780416368446	other_leaf	0.025428534736789125
potato	raw_photo-like	datasets\holdout_farmer_style\potato_late_blight\potato_late_bright_Lateblt806.jpg	disease	G7g_confident	potato	potato_late_blight	True	False	False	False	False	False	False	False	False	0.8921009906991915	0.9629929129014988	0.0002069605094799829	0.03678012405218378	0.6112572601607056	potato_late_blight	0.8921009906991915	potato_early_blight	0.06847425808868408	other_leaf	0.03678012405218378
potato	raw_photo-like	datasets\holdout_farmer_style\potato_late_blight\potato_late_bright_Lateblt809.jpg	disease	G7g_confident	potato	potato_late_blight	True	False	False	False	False	False	False	False	False	0.9143559964208031	0.9731573278544263	7.920610264046027e-05	0.02674301526271643	0.5099069387976771	potato_late_blight	0.9143559964208031	potato_early_blight	0.057288727151725824	other_leaf	0.02674301526271643
potato	raw_photo-like	datasets\holdout_farmer_style\potato_late_blight\potato_late_bright_Lateblt811.jpg	disease	G7g_confident	potato	potato_late_blight	True	False	False	False	False	False	False	False	False	0.9062584834012622	0.9468422332889802	0.0006863980929119851	0.0524502429906418	0.5483200303239271	potato_late_blight	0.9062584834012622	other_leaf	0.0524502429906418	potato_early_blight	0.04048996372558536
potato	raw_photo-like	datasets\holdout_farmer_style\potato_late_blight\potato_late_bright_Lateblt812.jpg	disease	G7g_confident	potato	potato_late_blight	True	False	False	False	False	False	False	False	False	0.9170892624628598	0.9745404761191021	7.90310164787877e-05	0.025359986782655497	0.49809420020234996	potato_late_blight	0.9170892624628598	potato_early_blight	0.05579958393757708	other_leaf	0.025359986782655497
